Name,ID
Naloxone,D009270
clonidine,D003000
clonidine,D003000
nalozone,-1
alpha-methyldopa,D008750
naloxone,D009270
Naloxone,D009270
clonidine,D003000
[3H]-naloxone,-1
naloxone,D009270
clonidine,D003000
[3H]-dihydroergocryptine,-1
naloxone,D009270
clonidine,D003000
clonidine,D003000
alpha-methyldopa,D008750
Lidocaine,D008012
lidocaine,D008012
lidocaine,D008012
Suxamethonium,D013390
Suxamethonium chloride,D013390
Sch,D013390
Sch,D013390
Galanthamine hydrobromide,D005702
scopolamine,D012601
Hyoscine,D012601
Galanthamine hydrobromide,D005702
scopolamine,D012601
hyoscine,D012601
physostigmine,D010830
scopolamine,D012601
lithium,D008094
lithium,D008094
lithium,D008094
lithium,D008094
lithium,D008094
lithium,D008094
lithium,D008094
lithium,D008094
lithium,D008094
Li,D008094
Lithium,D008094
creatinine,D003404
lithium,D008094
Li,D008094
Li,D008094
fusidic acid,D005672
cyclosporin,D016572
cyclosporin,D016572
fusidic acid,D005672
Fusidic acid,D005672
fusidic acid,D005672
fusidic acid,D005672
fusidic acid,D005672
cocaine,D003042
cocaine,D003042
cocaine,D003042
Sulpiride,D013469
Sulpiride,D013469
antidepressant,D000928
sulpiride,D013469
sulpiride,D013469
sulpiride,D013469
desferrioxamine,D003676
desferrioxamine,D003676
Desferrioxamine,D003676
desferrioxamine,D003676
aluminium,-1
desferrioxamine,D003676
magnesium,D008274
magnesium,D008274
magnesium,D008274
magnesium,D008274
acetylcholine,D000109
magnesium,D008274
magnesium,D008274
Chloroacetaldehyde,C004656
cyclophosphamide,D003520
ifosfamide,D007069
chloroacetaldehyde,C004656
CAA,C004656
CAA,C004656
CAA,C004656
CAA,C004656
mesna,D015080
nitroglycerin,D005996
nitroglycerin,D005996
nitroglycerin,D005996
nitroglycerin,D005996
Clotiazepam,C084599
clotiazepam,C084599
thienodiazepine,C013295
Clotiazepam,C084599
benzodiazepines,D001569
clotiazepam,C084599
clotiazepam,C084599
clotiazepam,C084599
benzodiazepines,D001569
ketoconazole,D007654
ketoconazole,D007654
cortisol,D006854
ketoconazole,D007654
deoxycorticosterone,D003900
11-deoxycortisol,D003350
deoxycorticosterone,D003900
11-deoxycortisol,D003350
aldosterone,D000450
ketoconazole,D007654
angiotensin,D000809
Captopril,D002216
tranexamic acid,D014148
AMCA,D014148
Captopril,D002216
angiotensin,D000809
Captopril,D002216
urea,D014508
Captopril,D002216
AMCA,D014148
Captopril,D002216
Angiotension II,D000804
prostacyclin,D011464
bradykinin,D001920
Captopril,D002216
labetalol,D007741
nitroprusside,D009599
labetalol,D007741
nitroprusside,D009599
nitroprusside,D009599
Labetalol,D007741
PO2,C093415
labetalol,D007741
nitroprusside,D009599
carbamazepine,D002220
folate,D005492
Folate,D005492
Carbamazepine,D002220
CBZ,D002220
CBZ,D002220
folate,D005492
propylene glycol,D019946
hexafluorodiethyl ether,D005481
HFDE,D005481
CBZ,D002220
CBZ,D002220
HFDE,D005481
CBZ,D002220
CBZ,D002220
folate,D005492
folate,D005492
sodium,D012964
norepinephrine,D009638
epinephrine,D004837
norepinephrine,D009638
hydralazine,D006830
nitroglycerin,D005996
epinephrine,D004837
Etoposide,D005047
Methotrexate,D008727
Cyclophosphamide,D003520
Actomycin-D,D003609
Cisplatin,D002945
Methotrexate,D008727
Etoposide,D005047
Cyclophosphamide,D003520
methotrexate,D008727
paracetamol,D000082
phenacetin,D010615
paracetamol,D000082
phenacetin,D010615
paracetamol,D000082
Dapsone,D003622
dapsone,D003622
glutathione,D005978
GSH,D005978
GSH,D005978
pentose phosphate,D010428
dapsone,D003622
dapsone,D003622
GSH,D005978
GSH,D005978
pentose phosphate,D010428
dapsone,D003622
dapsone,D003622
metoprolol,D008790
propafenone,D011405
diltiazem,D004110
sparteine,D013034
metoprolol,D008790
diltiazem,D004110
metoprolol,D008790
diltiazem,D004110
metoprolol,D008790
diltiazem,D004110
propafenone,D011405
sparteine,D013034
debrisoquine,D003647
sparteine,D013034
sparteine,D013034
debrisoquine,D003647
Triazolam,D014229
triazolam,D014229
triazolam,D014229
triazolo,D014229
morphine,D009020
morphine,D009020
morphine,D009020
morphine,D009020
morphine,D009020
haloperidol,D006220
Haloperidol,D006220
morphine,D009020
pentazocine,D010423
pentazocine,D010423
pentazocine,D010423
pentazocine,D010423
amphotericin,D000666
amphotericin B,D000666
amphotericin,D000666
amiodarone,D000638
amiodarone,D000638
amiodarone,D000638
prednisolone,D011239
amiodarone,D000638
amiodarone,D000638
steroid,D013256
Indomethacin,D007213
indomethacin,D007213
indomethacin,D007213
prostaglandins,D011453
flunitrazepam,D005445
Flunitrazepam,D005445
flunitrazepam,D005445
timolol,D013999
timolol,D013999
timolol,D013999
timolol,D013999
timolol,D013999
timolol,D013999
timolol,D013999
Vitamin D3,D002762
vitamin D3,D002762
vitamin D3,D002762
vitamin D3,D002762
Calcium,D002118
vitamin D3,D002762
vitamin D3,D002762
vitamin D3,D002762
vitamin D3,D002762
vitamin D3,D002762
vitamin D3,D002762
vitamin D3,D002762
thiamine,D013831
riboflavin,D012256
Isoniazid,D007538
dothiepin hydrochloride,D004308
dothiepin,D004308
amitriptyline,D000639
Dothiepin,D004308
amitriptyline,D000639
dothiepin,D004308
amitriptyline,D000639
Dothiepin,D004308
Dothiepin,D004308
antidepressant,D000928
amitriptyline,D000639
diazepam,D003975
propranolol,D011433
diazepam,D003975
propranolol,D011433
diazepam,D003975
propranolol,D011433
propranolol,D011433
diazepam,D003975
diazepam,D003975
propranolol,D011433
aspirin,D001241
N-[4-(5-nitro-2-furyl)-2-thiazolyl]-formamide,D005200
aspirin,D001241
N-[4-(5-nitro-2-furyl)-2-thiazolyl]-formamide,D005200
FANFT,D005200
FANFT,D005200
FANFT,D005200
aspirin,D001241
aspirin,D001241
FANFT,D005200
FANFT,D005200
aspirin,D001241
aspirin,D001241
FANFT,D005200
FANFT,D005200
aspirin,D001241
FANFT,D005200
aspirin,D001241
nitroglycerin,D005996
nitroglycerin,D005996
nitroglycerin,D005996
estrogen,D004967
diethylstilbestrol,D004054
DES,D004054
DES,D004054
DES,D004054
acriflavine,D000167
DES,D004054
DES,D004054
DES,D004054
DES,D004054
DES,D004054
Triamterene,D014223
dyazide,C020743
triamterene,D014223
hydrochlorothiazide-triamterene,C020743
triamterene,D014223
uric acid salts,D014527|D012492
triamterene,D014223
adriamycin,D004317
adriamycin,D004317
Adriamycin,D004317
phosphorylcreatine,D010725
adriamycin,D004317
phophorylcreatine,D010725
creatine,D003401
adenosine,D000241
ATP,D000255
ATP,D000255
adriamycin,D004317
adenosine,D000241
streptomycin,D013307
Streptomycin,D013307
streptomycin,D013307
rifampin,D012293
rifampin,D012293
rifampin,D012293
isoniazid,D007538
rifampin,D012293
puromycin aminonucleoside,D011692
oxygen,D010100
puromycin aminonucleoside,D011692
PAN,D011692
puromycin aminonucleoside,D011692
PAN,D011692
thiobarbituric acid,C029684
PAN,D011692
Clomipramine,D002997
clomipramine,D002997
clomipramine,D002997
clomipramine,D002997
clomipramine,D002997
metoprolol,D008790
lisinopril,D017706
angiotensin,D000809
metoprolol,D008790
steroids,D013256
diphenhydramine,D004155
coniine,C007112
Coniine,C007112
coniine,C007112
coniine,C007112
nicotine,D009538
coniine,C007112
nicotine,D009538
nicotine,D009538
coniine,C007112
coniine,C007112
nicotine,D009538
nicotine,D009538
coniine,C007112
nicotine,D009538
coniine,C007112
nicotine,D009538
coniine,C007112
prostaglandin E1,D000527
trimethaphan,D014294
prostaglandin E1,D000527
PGE1,D000527
trimethaphan,D014294
TMP,D014294
isoflurane,D007530
PGE1,D000527
TMP,D014294
PGE1,D000527
TMP,D014294
PGE1,D000527
PGE1,D000527
TMP,D014294
TMP,D014294
PGE1,D000527
TMP,D014294
TMP,D014294
lactate,D019344
pilocarpine,D010862
fluoxetine,D005473
antidepressant,D000928
fluoxetine,D005473
dopamine,D004298
fluoxetine,D005473
Acetaminophen,D000082
acetaminophen,D000082
acetaminophen,D000082
acetaminophen,D000082
acetaminophen,D000082
acetaminophen,D000082
ceftriaxone,D002443
ceftriaxone,D002443
beta lactam,D047090
bilirubin,D001663
steroids,D013256
beta lactam,D047090
clozapine,D003024
clozapine,D003024
tetrandrine,C009438
fangchinoline,C060802
Tetrandrine,C009438
TET,C009438
fangchinoline,C060802
FAN,C060802
bisbenzylisoquinoline,D044182
TET,C009438
FAN,C060802
epinephrine,D004837
EP,D004837
TET,C009438
FAN,C060802
acetylsalicylic acid,D001241
ASA,D001241
TET,C009438
FAN,C060802
TET,C009438
FAN,C060802
TET,C009438
FAN,C060802
Gemcitabine,C056507
vinorelbine,C030852
cisplatin,D002945
vinorelbine,C030852
VNB,C030852
gemcitabine,C056507
GEM,C056507
GEM,C056507
VNB,C030852
cisplatin,D002945
cisplatin,D002945
VNB,C030852
GEM,C056507
GEM,C056507
VNB,C030852
Warfarin,D014859
vitamin D,D014807
vitamin D,D014807
Warfarin,D014859
Warfarin,D014859
Warfarin,D014859
Warfarin,D014859
Warfarin,D014859
Warfarin,D014859
phosphate,D010710
phosphate,D010710
Warfarin,D014859
Warfarin,D014859
phosphate,D010710
vitamin D,D014807
Warfarin,D014859
vitamin D,D014807
vitamin K,D014812
Warfarin,D014859
Warfarin,D014859
vitamin D,D014807
vitamin D,D014807
vitamin D,D014807
calcium,D002118
vitamin D,D014807
calcium,D002118
Warfarin,D014859
calcium,D002118
vitamin D,D014807
Warfarin,D014859
vitamin D,D014807
Warfarin,D014859
vitamin D,D014807
Warfarin,D014859
gamma-carboxylated,D015055
gamma-carboxyglutamate,D015055
Antidepressant,D000928
antidepressants,D000928
antidepressant,D000928
antidepressant,D000928
serotonin reuptake inhibitors,D017367
SSRIs,D017367
lithium,D008094
SSRIs,D017367
lithium,D008094
lithium,D008094
antidepressant,D000928
lithium,D008094
Caffeine,D002110
caffeine,D002110
fentanyl,D005283
Fentanyl,D005283
fentanyl,D005283
fentanyl,D005283
lactate,D019344
lactate,D019344
LA,D019344
zidovudine,D015215
lamivudine,D019259
indinavir,D019469
calcium,D002118
LA,D019344
LA,D019344
LA,D019344
Oral contraceptives,D003276
oral contraceptives,D003276
progestagen,D011372
desogestrel,D017135
gestodene,C033273
levonorgestrel,D016912
oral contraceptives,D003276
estrogen,D004967
oral-contraceptive,D003276
oral contraceptive,D003276
oral contraceptives,D003276
oral contraceptives,D003276
oral contraceptives,D003276
oral contraceptives,D003276
oral contraceptives,D003276
oral contraceptives,D003276
oral contraceptives,D003276
cocaine,D003042
cocaine,D003042
GR 55562,C103477
CP 93129,C065046
GR 55562,C103477
CP 93129,C065046
cocaine,D003042
GR 55562,C103477
cocaine,D003042
GR 55562,C103477
cocaine,D003042
CP 93129,C065046
cocaine,D003042
GR 55562,C103477
cocaine,D003042
GR 55562,C103477
CP 93129,C065046
Ticlopidine,D013988
ticlopidine,D013988
ticlopidine,D013988
ticlopidine,D013988
ticlopidine,D013988
ticlopidine,D013988
ticlopidine,D013988
ticlopidine,D013988
ticlopidine,D013988
ticlopidine,D013988
clopidogrel,C055162
sodium,D012964
puromycin aminonucleoside,D011692
sodium,D012964
sodium,D012964
sodium,D012964
puromycin aminonucleoside,D011692
PAN,D011692
sodium,D012964
aldosterone,D000450
PAN,D011692
sodium,D012964
Sodium,D012964
PAN,D011692
sodium,D012964
aldosterone,D000450
sodium,D012964
PAN,D011692
sodium,D012964
PAN,D011692
aldosterone,D000450
NO,D009569
calcitonin gene-related peptide,D015740
CGRP,D015740
serotonin,D012701
calcitonin gene-related peptide,D015740
CGRP,D015740
serotonin,D012701
5-hydroxytriptamine,D012701
5-HT,D012701
nitroglycerin,D005996
nitroglycerin,D005996
nitroglycerin,D005996
CGRP,D015740
CGRP,D015740
CGRP,D015740
5-HT,D012701
serotonin,D012701
nitroglycerin,D005996
CGRP,D015740
CGRP,D015740
serotonin,D012701
CGRP,D015740
paclitaxel,D017239
paclitaxel,D017239
urotensin-II,D014579
Urotensin-II,D014579
U-II,D014579
U-II,D014579
U-II,D014579
U-II,D014579
U-II,D014579
U-II,D014579
U-II,D014579
apomorphine,D001058
corticosterone,D003345
U-II,D014579
U-II,D014579
acitretin,D017255
acitretin,D017255
acitretin,D017255
acitretin,D017255
gabapentin,C040029
gabapentin,C040029
capsaicin,D002211
gabapentin,C040029
gabapentin,C040029
gabapentin,C040029
gabapentin,C040029
gabapentin,C040029
gabapentin,C040029
MDMA,D018817
MDMA,D018817
"3,4-methylenedioxymethamphetamine",D018817
ecstasy,D018817
MDMA,D018817
ecstasy,D018817
ecstasy,D018817
MDMA,D018817
MDMA,D018817
ecstasy,D018817
citrate,C102006
citrate,C102006
bumetanide,D002034
pravastatin,D017035
paroxetine,D017374
calcium gluconate,D002125
calcium,D002118
sodium citrate,C102006
bumetanide,D002034
loop diuretic,D049994
citrate,C102006
calcium,D002118
sirolimus,D020123
Sirolimus,D020123
SRL,D020123
sirolimus,D020123
SRL,D020123
SRL,D020123
SRL,D020123
SRL,D020123
creatinine,D003404
SRL,D020123
creatinine,D003404
SRL,D020123
SRL,D020123
cyclophosphamide,D003520
cyclophosphamide,D003520
cyclophosphamide,D003520
atropine,D001285
"alpha,beta-methylene adenosine-5'-triphosphate",C002630
"alpha,beta-meATP",C002630
atropine,D001285
4-diphenylacetoxy-N-methylpiperidine,C042375
4-DAMP,C042375
methoctramine,C054938
pirenzepine,D010890
4-DAMP,C042375
methoctramine,C054938
pirenzepine,D010890
pirenzepine,D010890
4-DAMP,C042375
methoctramine,C054938
carbachol,D002217
ATP,D000255
potassium,D011188
isoprenaline,D007545
benzodiazepines,D001569
benzodiazepines,D001569
BZDs,D001569
BZDs,D001569
BZDs,D001569
oxazepam,D010076
temazepam,D013693
zopiclone,C515050
BZDs,D001569
BZDs,D001569
BZDs,D001569
BZDs,D001569
temazepam,D013693
disulfiram,D004221
disulfiram,D004221
disulfiram,D004221
ALCOHOL,D000431
disulfiram,D004221
heparin,D006493
heparin,D006493
heparin,D006493
heparin,D006493
heparin,D006493
clomiphene,D002996
clomiphene citrate,D002996
CC,D002996
CC,D002996
CC,D002996
CC,D002996
CC,D002996
CC,D002996
CC,D002996
CC,D002996
Nicotine,D009538
nicotine,D009538
nicotine,D009538
oxygen,D010100
verapamil,D014700
histamine,D006632
vitamin D2,D004872
cholesterol,D002784
verapamil,D014700
vitamin D2,D004872
cholesterol,D002784
histamine,D006632
luminal,D010634
calcium,D002118
cholesterol,D002784
histamine,D006632
luminal,D010634
histamine,D006632
verapamil,D014700
histamine,D006632
verapamil,D014700
Adriamycin,D004317
adriamycin,D004317
adriamycin,D004317
3-methyladenine,C025946
3MA,C025946
adriamycin,D004317
adriamycin,D004317
3MA,C025946
adriamycin,D004317
K,D011188
3MA,C025946
adriamycin,D004317
3MA,C025946
adriamycin,D004317
adriamycin,D004317
adriamycin,D004317
valproic acid,D014635
valproic acid,D014635
valproic acid,D014635
valproic acid,D014635
valproic acid,D014635
valproic acid,D014635
ecstasy,D018817
ecstasy,D018817
ecstasy,D018817
ecstasy,D018817
cannabis,D002188
ecstasy,D018817
cannabis,D002188
cannabis,D002188
Ecstasy,D018817
cannabis,D002188
ecstasy,D018817
Ecstasy,D018817
ecstasy,D018817
cannabis,D002188
ecstasy,D018817
cannabis,D002188
ecstasy,D018817
ecstasy,D018817
argatroban,C031942
heparin,D006493
heparin,D006493
argatroban,C031942
argatroban,C031942
argatroban,C031942
argatroban,C031942
argatroban,C031942
argatroban,C031942
argatroban,C031942
Antituberculosis,D000995
Antituberculosis,D000995
bilirubin,D001663
methotrexate,D008727
capecitabine,C110904
Fluoropyrimidines,-1
5-fluorouracil,D005472
5-FU,D005472
capecitabine,C110904
capecitabine,C110904
capecitabine,C110904
Capecitabine,C110904
5-FU,D005472
capecitabine,C110904
Capecitabine,C110904
neurotensin,D009496
haloperidol,D006220
neurotensin,D009496
neurotensin,D009496
haloperidol,D006220
neurotensin,D009496
haloperidol,D006220
neurotensin,D009496
haloperidol,D006220
neurotensin type-1 receptor antagonist,C079087
SR48692,C079087
neurotensin,D009496
neurotensin,D009496
neurotensin,D009496
methyl dopa,D008750
nitroprusside,D009599
sodium nitroprusside,D009599
nitroprusside,D009599
H2O,D014867
H2O,D014867
nitroprusside,D009599
Nitroprusside,D009599
H2O,D014867
nitroprusside,D009599
H2O,D014867
nitroprusside,D009599
nitroprusside,D009599
H2O,D014867
L-dopa,D007980
dopamine,D004298
L-Dopa,D007980
MK-486,D002230
MAO,D008995
norepinephrine,D009638
L-dopa,D007980
DL-Threo-dihydroxyphenylserine,D015103
norepinephrine,D009638
FLA-63,D005406
dopamine,D004298
L-dopa,D007980
Pimozide,D010868
L-dopa,D007980
norepinephrine,D009638
L-dopa,D007980
norepinephrine,D009638
5-HTP,D006916
norepinephrine,D009638
L-dopa,D007980
dopamine,D004298
norepinephrine,D009638
Cocaine,D003042
cocaine,D003042
oxygen,D010100
cocaine,D003042
cocaine,D003042
cocaine,D003042
cocaine,D003042
antidepressant,D000928
imipramine,D007099
antidepressants,D000928
ipratropium bromide,D009241
theophylline,D013806
ipratropium bromide,D009241
theophylline,D013806
ipratropium,D009241
theophylline,D013806
ipratropium,D009241
theophylline,D013806
ipratropium,D009241
theophylline,D013806
theophylline,D013806
ipratropium,D009241
theophylline,D013806
aspirin,D001241
paracetamol,D000082
lithium,D008094
lithium,D008094
lithium,D008094
lithium,D008094
creatinine,D003404
lithium,D008094
lithium,D008094
lithium,D008094
creatinine,D003404
lithium,D008094
Lithium,D008094
adriamycin,D004317
Adriamycin,D004317
Adriamycin,D004317
Adriamycin,D004317
Prazosin,D011224
prazosin,D011224
Prazosin,D011224
prazosin,D011224
verapamil,D014700
prazosin,D011224
isosorbide dinitrate,D007548
isosorbide dinitrate,D007548
Fluoxetine,D005473
fluoxetine,D005473
fluoxetine,D005473
fluoxetine,D005473
fluoxetine,D005473
propranolol,D011433
fluoxetine,D005473
fluoxetine,D005473
antidepressant,D000928
diclofenac sodium,D004008
Diclofenac sodium,D004008
Voltarol,D004008
phenylacetic acid,C025136
diclofenac,D004008
diclofenac sodium,D004008
cocaine,D003042
cocaine,D003042
cocaine,D003042
cocaine,D003042
cocaine,D003042
cocaine,D003042
cocaine,D003042
cocaine,D003042
Glyburide,D005905
sulfonylureas,D013453
glyburide,D005905
sulfonylurea,D013453
glyburide,D005905
glyburide,D005905
Glyburide,D005905
sodium nitroprusside,D009599
sodium nitroprusside,D009599
SNP,D009599
SNP,D009599
SNP,D009599
SNP,D009599
lidocaine,D008012
sodium pentothal,D013874
lidocaine,D008012
isoflurane,D007530
oxygen,D010100
isoflurane,D007530
xenon,D014978
isoflurane,D007530
nitrous oxide,D009609
oxygen,D010100
Hg,D008628
isoflurane,D007530
isoflurane,D007530
5-fluorouracil,D005472
5-fluorouracil,D005472
cisplatin,D002945
diphenhydramine,D004155
prednisone,D011241
Amiodarone,D000638
amiodarone,D000638
amiodarone,D000638
sulphasalazine,D012460
sulphasalazine,D012460
sulphasalazine,D012460
dacarbazine,D003606
DTIC,D003606
dacarbazine,D003606
DTIC,D003606
metoclopramide,D008787
metoclopramide,D008787
metoclopramide,D008787
amiodarone,D000638
amiodarone,D000638
amiodarone,D000638
Amiodarone,D000638
Busulfan,D002066
busulfan,D002066
busulfan,D002066
cyclophosphamide,D003520
busulfan,D002066
sodium nitroprusside,D009599
saralasin,D012504
angiotensin,D000809
halothane,D006221
sodium nitroprusside,D009599
SNP,D009599
halothane,D006221
SNP,D009599
saralasin,D012504
angiotensin II,D000804
SNP,D009599
SNP,D009599
saralasin,D012504
SNP,D009599
saralasin,D012504
halothane,D006221
SNP,D009599
SNP,D009599
saralasin,D012504
angiotensin,D000809
halothane,D006221
SNP,D009599
carbimazole,D002231
benzylthiouracil,C019269
carbimazole,D002231
N  omercazole,D002231
carbimazole,D002231
Benzylthiouracil,C019269
Basd  ne,C019269
carbimazole,D002231
vitamin B12,D014805
folinic acid,D002955
zidovudine,D015215
vitamin B12,D014805
folinic acid,D002955
zidovudine,D015215
ZDV,D015215
ZDV,D015215
folinic acid,D002955
vitamin B12,D014805
vitamin B12,D014805
folate,D005492
vitamin B12,D014805
folate,D005492
Vitamin B12,D014805
folinic acid,D002955
ZDV,D015215
ZDV,D015215
5-fluorouracil,D005472
folinic acid,D002955
cisplatinum,D002945
etoposide,D005047
5-fluorouracil,D005472
folinic acid,D002955
5-fluorouracil,D005472
folinic acid,D002955
5-fluorouracil,D005472
folinic acid,D002955
folinic acid,D002955
5-fluorouracil,D005472
5-fluorouracil,D005472
fluoroacetate,D005463
fluorocitrate,C007744
thiamine,D013831
dihydrouracil,C007419
5-fluorouracil,D005472
folinic acid,D002955
carbamazepine,D002220
oxcarbazepine,C036006
Carbamazepine,D002220
oxcarbazepine,C036006
haloperidol,D006220
chlorpromazine,D002746
clozapine,D003024
carbamazepine,D002220
oxcarbazepine,C036006
ampicillin,D000667
ampicillin,D000667
ampicillin,D000667
gentamicin,D005839
methylprednisolone,D008775
ampicillin,D000667
ampicillin,D000667
ampicillin,D000667
penicillins,D010406
amoxicillin,D000658
beta-lactam,D047090
beta-lactam,D047090
amoxicillin,D000658
AX,D000658
penicillin,D010406
benzylpenicilloyl-poly-L-lysine,-1
BPO-PLL,-1
benzylpenicilloate,-1
benzylpenicillin,D010400
PG,D010400
ampicillin,D000667
AMP,D000667
AX,D000658
BPO-PLL,-1
AX,D000658
BPO,-1
PG,D010400
AX,D000658
beta-lactam,D047090
AX,D000658
PG,D010400
BPO,-1
PG,D010400
AX,D000658
AX,D000658
BPO,-1
AX,D000658
BPO,-1
AX,D000658
AX,D000658
AX,D000658
PG,D010400
AX,D000658
PG,D010400
AX,D000658
atracurium,D001279
vecuronium bromide,D014673
Atracurium besylate,D001279
benzylisoquinolinium,-1
atracurium,D001279
acetaminophen,D000082
phenacetin,D010615
phenacetin,D010615
phenacetin,D010615
acetaminophen,D000082
phenacetin,D010615
acetaminophen,D000082
acetaminophen,D000082
acetaminophen,D000082
phenacetin,D010615
acetaminophen,D000082
heparan sulphate,D006497
streptozotocin,D013311
Heparan sulphate,D006497
streptozotocin,D013311
cuprolinic blue,C015445
heparan sulphate,D006497
cuprolinic blue,C015445
glycosaminoglycan,D006025
heparan sulphate,D006497
streptozotocin,D013311
heparan sulphate,D006497
nitrogranulogen,D008466
NG,D008466
methotrexate,D008727
MTX,D008727
5-fluorouracil,D005472
5-FU,D005472
cyclophosphamide,D003520
CY,D003520
MTX,D008727
5-FU,D005472
CY,D003520
creatinine,D003404
creatinine,D003404
MTX,D008727
creatinine,D003404
creatinine,D003404
NG,D008466
5-FU,D005472
CY,D003520
creatinine,D003404
creatinine,D003404
creatinine,D003404
creatinine,D003404
CY,D003520
5-FU,D005472
MTX,D008727
MTX,D008727
CY,D003520
NG,D008466
5-FU,D005472
MTX,D008727
5-FU,D005472
CY,D003520
MTX,D008727
5-FU,D005472
CY,D003520
Lithium,D008094
divalproex sodium,D014635
Lithium,D008094
lithium,D008094
lithium,D008094
lithium,D008094
divalproex sodium,D014635
lithium,D008094
divalproex sodium,D014635
lithium,D008094
divalproex sodium,D014635
lithium,D008094
mitoxantrone,D008942
5-FU,D005472
leucovorin,D002955
MFL,C085788
mitoxantrone,D008942
5-fluorouracil,D005472
5-FU,D005472
leucovorin,D002955
MFL regimen,C085788
mitoxantrone,D008942
5-FU,D005472
leucovorin,D002955
anthracycline,D018943
MFL regimen,C085788
mitoxantrone,D008942
MFL regimen,C085788
vasopressin,D014667
lithium,D008094
arginine vasopressin,D001127
AVP,D001127
lithium,D008094
Li,D008094
LiCl,D018021
Li,D008094
sodium,D012964
Li,D008094
AVP,D001127
AVP,D001127
Li,D008094
AVP,D001127
AVP,D001127
Li,D008094
Suxamethonium,D013390
suxamethonium,D013390
suxamethonium,D013390
potassium,D011188
suxamethonium,D013390
suxamethonium,D013390
mepivacaine,D008619
adrenaline,D004837
mepivacaine,D008619
adrenaline,D004837
labetalol,D007741
metoprolol,D008790
midazolam,D008874
mepivacaine,D008619
adrenaline,D004837
tacrolimus,D016559
FK506,D016559
tacrolimus,D016559
FK506,D016559
FK506,D016559
FK506,D016559
FK506,D016559
FK506,D016559
creatinine,D003404
FK506,D016559
FK506,D016559
FK506,D016559
FK506,D016559
acetylcholine,D000109
PG-9,C087567
PG-9,C087567
3alpha-tropyl 2-(p-bromophenyl)propionate,C087567
acetylcholine,D000109
PG-9,C087567
scopolamine,D012601
S-(-)-ET-126,C098725
PG-9,C087567
PG-9,C087567
PG-9,C087567
PG-9,C087567
PG-9,C087567
PG-9,C087567
PG-9,C087567
ACE inhibitors,D000806
angiotensin-converting enzyme (ACE) inhibitor,D000806
atracurium,D001279
oral contraceptives,D003276
oral contraceptives,D003276
OC,D003276
OC,D003276
OC,D003276
OC,D003276
apomorphine,D001058
apomorphine,D001058
apomorphine,D001058
apomorphine,D001058
Serotonergic antidepressants,D018490
serotonergic antidepressants,D018490
venlafaxine,C047426
serotonin,D012701
paroxetine,D017374
sertraline,D020280
venlafaxine,C047426
lithium carbonate,D016651
serotonergic antidepressants,D018490
tizanidine,C023754
angiotensin,D000809
angiotensin,D000809
lisinopril,D017706
angiotensin,D000809
tizanidine,C023754
tizanidine,C023754
cocaine,D003042
BD1008,C085527
oligodeoxynucleotide,D009838
cocaine,D003042
Cocaine,D003042
BD1018,-1
"3S-1-[2-(3,4-dichlorophenyl)ethyl]-1,4-diazabicyclo[4.3.0]nonane",-1
BD1063,C093337
"1-[2-(3,4-dichlorophenyl)ethyl]-4-methylpiperazine",C093337
LR132,-1
dopamine,D004298
GABA,D005680
NMDA,D016202
BD1018,-1
BD1063,C093337
LR132,-1
cocaine,D003042
LR132,-1
cocaine,D003042
di-o-tolylguanidine,C050232
DTG,C050232
BD1031,-1
"3R-1-[2-(3,4-dichlorophenyl)ethyl]-1,4-diazabicyclo[4.3.0]nonane",-1
cocaine,D003042
BD1018,-1
BD1063,C093337
LR132,-1
cocaine,D003042
cocaine,D003042
oligodeoxynucleotide,D009838
cocaine,D003042
cocaine,D003042
E4031,C063968
cisapride,D020117
terfenadine,D016593
terodiline,C010637
terfenadine,D016593
terodiline,C010637
terfenadine,D016593
terodiline,C010637
cisapride,D020117
E4031,C063968
terfenadine,D016593
terodiline,C010637
cisapride,D020117
E4031,C063968
terfenadine,D016593
terodiline,C010637
cisapride,D020117
vincristin,D014750
vincristine,D014750
vincristine,D014750
vincristine,D014750
vincristine,D014750
prochlorperazine,D011346
prochlorperazine,D011346
prochlorperazine,D011346
prochlorperazine,D011346
prochlorperazine,D011346
prochlorperazine,D011346
Antithymocyte globulin,D000961
D-penicillamine,D010396
antithymocyte globulin,D000961
D-penicillamine,D010396
antithymocyte globulin,D000961
D-penicillamine,D010396
acetylcholine,D000109
alcohol,D000431
alcohol,D000431
ethanol,D000431
alcohol,D000431
nicotine,D009538
carbachol,D002217
neostigmine,D009388
potassium,D011188
acetylcholine,D000109
ACh,D000109
Potassium,D011188
ACh,D000109
nicotine,D009538
carbachol,D002217
neostigmine,D009388
ACh,D000109
KCl,C522374
ACh,D000109
ACh,D000109
KCl,C522374
ACh,D000109
ACh,D000109
ethanol,D000431
alcohol,D000431
dexamethasone,D003907
dexamethasone,D003907
dexamethasone,D003907
dexamethasone,D003907
dexamethasone,D003907
dexamethasone,D003907
dexamethasone,D003907
dexamethasone,D003907
cyproterone acetate,D017373
ethinyl estradiol,D004997
Cyproterone acetate,D017373
ethinyl estradiol,D004997
CPA,D017373
EE,D004997
CPA,D017373
EE,D004997
oral contraceptives,D003276
CPA,D017373
EE,D004997
CPA,D017373
EE,D004997
CPA,D017373
EE,D004997
CPA,D017373
EE,D004997
minoxidil,D008914
minoxidil,D008914
minoxidil,D008914
leuprolide acetate,D016729
LHRH-A,D016729
flutamide,D005485
Testosterone,D013739
amphotericin B,D000666
amphotericin B,D000666
AmB,D000666
posaconazole,C101425
AmB,D000666
AmB,D000666
quinine,D011803
quinine,D011803
quinine,D011803
quinine,D011803
Organophosphate,D010755
organophosphorus,D010755
OP,D010755
diisopropylfluorophosphate,D007531
DFP,D007531
sarin,D012524
soman,D012999
OPs,D010755
acetylcholine,D000109
ACh,D000109
DFP,D007531
pralidoxime-2-chloride,D011220
2PAM,D011220
diazepam,D003975
adenosine,D000241
N(6)-cyclopentyl adenosine,C048599
CPA,C048599
NMDA,D016202
dizocilpine maleate,D016291
atropine sulfate,D001285
DFP,D007531
atropine sulfate,D001285
DFP,D007531
DFP,D007531
DFP,D007531
atropine,D001285
OP,D010755
CPA,C048599
diazepam,D003975
2PAM,D011220
DFP,D007531
atropine,D001285
Atropine,D001285
MK801,D016291
DFP,D007531
CPA,C048599
diazepam,D003975
2PAM,D011220
atropine,D001285
DFP,D007531
estrogen,D004967
imidazoline,D048288
estrogen,D004967
clonidine,D003000
estrogen,D004967
rilmenidine,C032302
alpha-methyldopa,D008750
estrogen,D004967
rilmenidine,C032302
alpha-methyldopa,D008750
alpha-methyldopa,D008750
alpha-methyldopa,D008750
rilmenidine,C032302
alpha-methyldopa,D008750
17beta-estradiol,D004958
alpha-methyldopa,D008750
estrogen,D004967
alpha-methyldopa,D008750
estrogen,D004967
tincture of Crataegus,C007145
isoproterenol,D007545
Tincture of Crataegus,C007145
TCR,C007145
alcoholic extract of the berries of hawthorn,C007145
Crataegus oxycantha,C007145
TCR,C007145
TCR,C007145
isoproterenol,D007545
TCR,C007145
isoproterenol,D007545
ADP,D000244
oxygen,D010100
TCR,C007145
isoproterenol,D007545
TCR,C007145
isoproterenol,D007545
raloxifene,D020849
raloxifene,D020849
raloxifene,D020849
estrogen,D004967
tamoxifen,D013629
Raloxifene,D020849
raloxifene,D020849
raloxifene,D020849
raloxifene,D020849
Raloxifene,D020849
Raloxifene,D020849
Ceftriaxone,D002443
ceftriaxone,D002443
ceftriaxone,D002443
ceftriaxone,D002443
GNC92H2,-1
cocaine,D003042
GNC92H2,-1
cocaine,D003042
GNC92H2,-1
GNC92H2,-1
cocaine,D003042
cocaine,D003042
GNC92H2,-1
GNC92H2,-1
cocaine,D003042
GNC92H2,-1
raloxifene,D020849
raloxifene,D020849
raloxifene hydrochloride,D020849
calcium,D002118
calcium,D002118
raloxifene,D020849
raloxifene,D020849
Ketoconazole,D007654
Ketoconazole,D007654
ketoconazole,D007654
ketoconazole,D007654
ketoconazole,D007654
ketoconazole,D007654
cholesterol,D002784
extract of Daucus carota seeds,D010936
DCE,D010936
Diazepam,D003975
scopolamine,D012601
DCE,D010936
DCE,D010936
DCE,D010936
scopolamine,D012601
diazepam,D003975
Daucus carota extract,D010936
cholesterol,D002784
DCE,D010936
cholesterol,D002784
DCE,D010936
DCE,D010936
cholesterol,D002784
steroid,D013256
steroid,D013256
triamcinolone,D014221
bupivacaine,D002045
steroid,D013256
bupivacaine,D002045
triamcinolone diacetate,C030262
steroid,D013256
steroid,D013256
testosterone,D013739
estrogen,D004967
testosterone,D013739
estradiol- and testosterone esters,C032109
cholesterol,D002784
alcohol,D000431
testosterone,D013739
Sirolimus,D020123
Sirolimus,D020123
rapamycin,D020123
Sirolimus,D020123
sirolimus,D020123
sirolimus,D020123
sirolimus,D020123
sirolimus,D020123
sirolimus,D020123
sirolimus,D020123
sirolimus,D020123
angiotensin,D000809
angiotensin II,D000804
sirolimus,D020123
statin,D019821
Statins,D019821
statins,D019821
prednisolone,D011239
methotrexate,D008727
statins,D019821
statins,D019821
cyclic nucleotide,D009712
clonidine,D003000
clonidine,D003000
clonidine,D003000
clonidine,D003000
clonidine,D003000
clonidine,D003000
Clonidine,D003000
clonidine,D003000
Clonidine,D003000
cyclic nucleotide,D009712
clonidine,D003000
clonidine,D003000
clonidine,D003000
smoking,D012906
smoking,D012906
smoking,D012906
smoking,D012906
smoking,D012906
smoking,D012906
smoking,D012906
smoking,D012906
smoking,D012906
terbutaline,D013726
Terbutaline,D013726
terbutaline,D013726
terbutaline,D013726
terbutaline,D013726
terbutaline,D013726
terbutaline,D013726
clozapine,D003024
clozapine,D003024
clozapine,D003024
clozapine,D003024
clozapine,D003024
antidepressant,D000928
clozapine,D003024
clozapine,D003024
clozapine,D003024
levetiracetam,C026098
valproate,D014635
levetiracetam,C026098
LEV,C026098
LEV,C026098
valproate,D014635
VPA,D014635
LEV,C026098
Norepinephrine,D009638
cocaine,D003042
Cocaine,D003042
cocaine,D003042
cocaine,D003042
dopamine,D004298
norepinephrine,D009638
NE,D009638
cocaine,D003042
cocaine,D003042
cocaine,D003042
Cocaine,D003042
disulfiram,D004221
dopamine,D004298
propranolol,D011433
cocaine,D003042
prazosin,D011224
yohimbine,D015016
cocaine,D003042
Clonidine,D003000
clonidine,D003000
methylphenidate,D008774
clonidine,D003000
methylphenidate,D008774
clonidine,D003000
methylphenidate,D008774
clonidine,D003000
methylphenidate,D008774
clonidine,D003000
clonidine,D003000
clonidine,D003000
methylphenidate,D008774
clonidine,D003000
clonidine,D003000
Clonidine,D003000
methylphenidate,D008774
clonidine,D003000
Thalidomide,D013792
Thalidomide,D013792
thalidomide,D013792
thalidomide,D013792
lenalidomide,C467567
epinephrine,D004837
cocaine,D003042
cocaine,D003042
epinephrine,D004837
green tea,D010936
vitamin E,D014810
isoproterenol,D007545
green tea,D010936
vitamin E,D014810
isoproterenol,D007545
ISO,D007545
ISO,D007545
Ca,D002118
Na,D012964
K,D011188
Mg,D008274
green tea,D010936
vitamin E,D014810
ISO,D007545
Ca,D002118
Na,D012964
K,D011188
Mg,D008274
ISO,D007545
green tea,D010936
vitamin E,D014810
green tea,D010936
vitamin E,D014810
ISO,D007545
pegylated interferon,C417083
ribavirin,D012254
pegylated interferon (IFN) alpha-2b,C417083
ribavirin,D012254
acetylcholine,D000109
pegylated IFN alpha-2b,C417083
ribavirin,D012254
pegylated IFN alpha-2b,C417083
ribavirin,D012254
IFN,C417083
glycine,D005998
SSR103800,-1
dopamine,D004298
glutamate,D018698
N-methyl-D-aspartate,D016202
NMDA,D016202
NMDA,D016202
NMDA,D016202
glycine,D005998
SSR103800,-1
NMDA,D016202
glycine,D005998
NMDA,D016202
SSR103800,-1
amphetamine,D000661
MK-801,D016291
NMDA,D016202
SSR103800,-1
NMDA,D016202
MK-801,D016291
NMDA,D016202
SSR103800,-1
amphetamine,D000661
dopamine,D004298
haloperidol,D006220
olanzapine,C076029
clozapine,D003024
aripiprazole,C094645
SSR103800,-1
SSR103800,-1
Phenylephrine,D010656
ephedrine,D004809
phenylephrine,D010656
ephedrine,D004809
fentanyl,D005283
propofol,D015742
phenylephrine,D010656
ephedrine,D004809
phenylephrine,D010656
ephedrine,D004809
phenylephrine,D010656
ephedrine,D004809
antidepressant,D000928
clomipramine,D002997
Clomipramine,D002997
Dopamine,D004298
serotonin,D012701
serotonin,D012701
oral contraceptives,D003276
heparin,D006493
dipyridamole,D004176
acetylsalicylic acid,D001241
dipyridamole,D004176
hydrocortisone,D006854
epinephrine,D004837
epinephrine,D004837
epinephrine,D004837
radiocalcium,D002132
calcium,D002118
calcium chloride,D002122
calcium,D002118
calcium,D002118
radiocalcium,D002132
acetylsalicylic acid,D001241
dipyridamole,D004176
hydrocortisone,D006854
epinephrine,D004837
calcium,D002118
Acetylsalicylic acid,D001241
dipyridamole,D004176
hydrocortisone,D006854
timolol,D013999
betaxolol,D015784
timolol,D013999
timolol,D013999
betaxolol,D015784
timolol,D013999
ifosfamide,D007069
ifosfamide,D007069
ifosfamide,D007069
"ifosfamide, vincristine, and dactinomycin",C064227
IVA,C064227
cisplatin,D002945
creatinine,D003404
phosphate,D010710
phosphate,D010710
ifosfamide,D007069
ifosfamide,D007069
dopamine,D004298
nicotine,D009538
nicotine,D009538
nicotine,D009538
dopamine,D004298
nicotine,D009538
dopamine,D004298
nicotine,D009538
Nicotine,D009538
nicotine,D009538
mecamylamine,D008464
hexamethonium,D018738
Nicotine,D009538
SCH 23390,C534628
raclopride,D020891
fluphenazine,D005476
PHNO,-1
nicotine,D009538
SKF 38393,D015647
nicotine,D009538
nicotine,D009538
dopamine,D004298
mefloquine,D015767
mefloquine,D015767
mefloquine,D015767
mefloquine,D015767
mefloquine,D015767
lidocaine,D008012
lidocaine,D008012
lidocaine,D008012
lidocaine,D008012
lidocaine,D008012
lidocaine,D008012
lidocaine,D008012
lidocaine,D008012
mazindol,D008454
mazindol,D008454
mazindol,D008454
Mazindol,D008454
mazindol,D008454
mazindol,D008454
mazindol,D008454
mazindol,D008454
mazindol,D008454
Mazindol,D008454
Pentoxifylline,D010431
Trental,D010431
dipyridamole,D004176
dipyridamole,D004176
thallium,D013793
Dipyridamole,D004176
thallium,D013793
pentoxifylline,D010431
Trental,D010431
methylxanthine,C008514
pentoxifylline,D010431
dipyridamole,D004176
methylxanthines,C008514
theophylline,D013806
dipyridamole,D004176
thallium,D013793
dipyridamole,D004176
pentoxifylline,D010431
theophylline,D013806
Dipyridamole,D004176
pentoxifylline,D010431
pentoxifylline,D010431
dipyridamole,D004176
theophylline,D013806
pentoxyifylline,D010431
dipyridamole,D004176
levodopa,D007980
noradrenaline,D009638
ribavirin,D012254
ribavirin,D012254
ribavirin,D012254
ribavirin,D012254
ribavirin,D012254
Dipyridamole,D004176
dipyridamole,D004176
dipyridamole,D004176
dipyridamole,D004176
dipyridamole,D004176
Nitroprusside,D009599
arginine vasopressin,D001127
oxytocin,D010121
corticosterone,D003345
urethane,D014520
arginine vasopressin,D001127
oxytocin,D010121
corticosterone,D003345
corticosterone,D003345
corticosterone,D003345
nitroprusside,D009599
corticosterone,D003345
delta 9-tetrahydrocannabinol,D013759
delta 9-tetrahydrocannabinol,D013759
THC,D013759
6-hydroxydopamine,D016627
6-OHDA,D016627
desipramine,D003891
6-OHDA,D016627
THC,D013759
6-OHDA,D016627
desipramine,D003891
6-OHDA,D016627
haloperidol,D006220
desipramine,D003891
6-OHDA,D016627
6-OHDA,D016627
THC,D013759
haloperidol,D006220
alfentanil,D015760
alfentanil,D015760
halothane,D006221
halothane,D006221
alfentanil,D015760
halothane,D006221
metocurine,C032943
alfentanil,D015760
alfentanil,D015760
cis-platin,D002945
5-fluorouracil,D005472
cis-platin,D002945
5-FU,D005472
5-FU,D005472
Verapamil,D014700
carbamazepine,D002220
carbamazepine,D002220
verapamil,D014700
calcium,D002118
verapamil,D014700
carbamazepine,D002220
carbamazepine,D002220
carbamazepine,D002220
deferoxamine,D003676
iron,D007501
deferoxamine,D003676
deferoxamine,D003676
deferoxamine,D003676
deferoxamine,D003676
deferoxamine,D003676
deferoxamine,D003676
deferoxamine,D003676
Flurbiprofen,D005480
flurbiprofen,D005480
mipafox,C005238
Mipafox,C005238
"N, N'-diisopropylphosphorodiamidofluoridate",C005238
organophosphate,D010755
Mipafox,C005238
Mipafox,C005238
Mipafox,C005238
phenylpropanolamine,D010665
Phenylpropanolamine,D010665
PPA,D010665
amphetamine,D000661
PPA,D010665
azathioprine,D001379
Azathioprine,D001379
azathioprine,D001379
lithium,D008094
lithium,D008094
lithium,D008094
lithium,D008094
isoproterenol,D007545
isoproterenols,D007545
polyethylene glycol 400,D011092
adriamycin,D004317
polyethylene glycol 400,D011092
PEG 400,D011092
adriamycin,D004317
ADR,D004317
PEG 400,D011092
ADR,D004317
ADR,D004317
ADR,D004317
BCNU,D002330
BCNU,D002330
"1,3-bis-(2-chloroethyl)-1-nitrosourea",D002330
BCNU,D002330
BCNU,D002330
BCNU,D002330
ethanol,D000431
noradrenaline,D009638
Sodium chloride,D012965
noradrenaline,D009638
noradrenaline,D009638
noradrenaline,D009638
noradrenaline,D009638
noradrenaline,D009638
noradrenaline,D009638
noradrenaline,D009638
noradrenaline,D009638
cimetidine,D002927
cimetidine,D002927
cimetidine,D002927
creatinine,D003404
Cimetidine,D002927
cimetidine,D002927
cimetidine,D002927
cimetidine,D002927
creatinine,D003404
cimetidine,D002927
cimetidine,D002927
cimetidine,D002927
cimetidine,D002927
cimetidine,D002927
cimetidine,D002927
DES,D004054
diethylstilbestrol,D004054
Phenobarbitone,D010634
carbon tetrachloride,D002251
carbon tetrachloride,D002251
phenobarbitone,D010634
carbon tetrachloride,D002251
phenobarbitone,D010634
CCl4,D002251
phenobarbitone,D010634
carbon tetrachloride,D002251
phenobarbitone,D010634
lithium,D008094
amiloride,D000584
amiloride,D000584
lithium,D008094
lithium,D008094
LiCl,D018021
Amiloride,D000584
amiloride,D000584
lithium,D008094
lithium,D008094
lithium,D008094
lithium,D008094
amiloride,D000584
lithium,D008094
potassium,D011188
amiloride,D000584
lithium,D008094
amiloride,D000584
lithium,D008094
alprazolam,D000525
benzodiazepines,D001569
alprazolam,D000525
alprazolam,D000525
alprazolam,D000525
alprazolam,D000525
Alprazolam,D000525
Dup 753,D019808
puromycin aminonucleoside,D011692
blood nitrogen urea,D001806
puromycin aminonucleoside,D011692
Dup 753,D019808
losartan,D019808
angiotensin II,D000804
angiotensin,D000809
puromycin aminonucleoside,D011692
Sodium bicarbonate,D017693
sodium bicarbonate,D017693
papaverine,D010208
phentolamine,D010646
prostaglandin E1,D000527
sodium bicarbonate,D017693
sodium bicarbonate,D017693
sodium bicarbonate,D017693
octreotide,D015282
octreotide,D015282
octreotide,D015282
octreotide,D015282
octreotide,D015282
octreotide,D015282
levodopa,D007980
propranolol,D011433
propranolol,D011433
levodopa,D007980
valproate,D014635
sodium valproate,D014635
valproate,D014635
luminal,D010634
luminal,D010634
valproate,D014635
amikacin,D000583
aminoglycosides,D000617
amikacin,D000583
amikacin,D000583
vancomycin,D014640
fluorescein,D019793
verapamil,D014700
verapamil,D014700
hydrochlorofluorocarbons,-1
ozone,D010126
chlorofluorocarbons,D017402
Hydrochlorofluorocarbons,-1
HCFCs,-1
ozone,D010126
chlorofluorocarbons,D017402
CFCs,D017402
"1,1-dichloro-2,2,2-trifluoroethane",C067411
HCFC 123,C067411
"1-chloro-1,2,2,2-tetrafluoroethane",C072959
HCFC 124,C072959
"1-bromo-1-chloro-2,2,2-trifluoroethane",D006221
halothane,D006221
trifluoroacetyl,D014269
halothane,D006221
HCFCs 123 and 124,C067411|C072959
HCFCs 123,C067411
HCFCs 124,C072959
trifluoroacetyl,D014269
Trifluoroacetyl,D014269
HCFCs 123 and 124,C067411|C072959
HCFCs 123,C067411
HCFCs 124,C072959
trifluoroacetyl,D014269
prilocaine,D011318
bupivacaine,D002045
prilocaine,D011318
bupivacaine,D002045
prilocaine,D011318
bupivacaine,D002045
bupivacaine,D002045
bupivacaine,D002045
Pethidine,D008614
pethidine,D008614
pethidine,D008614
pethidine,D008614
norpethidine,C002752
pethidine,D008614
pethidine,D008614
norpethidine,C002752
pethidine,D008614
ibuprofen,D007052
ursodeoxycholic acid,D014580
prednisone,D011241
tacrolimus,D016559
appetite suppressants,D001067
appetite suppressant,D001067
appetite suppressants,D001067
appetite-suppressants,D001067
appetite suppressants,D001067
fenfluramines,D005277
appetite suppressants,D001067
appetite suppressants,D001067
appetite suppressants,D001067
appetite suppressants,D001067
appetite suppressants,D001067
methadone,D008691
cocaine,D003042
methadone,D008691
heroine,D003932
cocaine,D003042
Cocaine,D003042
cocaine,D003042
cocaine,D003042
cocaine,D003042
tamoxifen,D013629
Tamoxifen,D013629
TAM,D013629
TAM,D013629
TAM,D013629
TAM,D013629
TAM,D013629
TAM,D013629
TAM,D013629
alpha-tocopherol,D024502
alpha-T,D024502
alpha-tocopherol acetate,D024502
alpha-TAc,D024502
hydroxyl,D017665
TAM,D013629
oxygen,D010100
TAM,D013629
TAM,D013629
AAPH,C046728
TAM,D013629
TAM,D013629
K,D011188
TAM,D013629
alpha-T,D024502
alpha-TAc,D024502
TAM,D013629
tocopherols,D024505
TAM,D013629
TAM,D013629
TAM,D013629
TAM,D013629
sodium,D012964
ATP,D000255
Na,D012964
K,D011188
nitric oxide,D009569
NO,D009569
NO,D009569
sodium,D012964
Na,D012964
Na,D012964
K,D011188
NO,D009569
NO,D009569
N(G)-nitro-L-arginine methyl ester,D019331
L-NAME,D019331
L-NAME,D019331
Na,D012964
K,D011188
ATP,D000255
NO,D009569
Na,D012964
K,D011188
Na,D012964
Na,D012964
NO,D009569
Na,D012964
K,D011188
ATP,D000255
ATP,D000255
K,D011188
Na,D012964
Na,D012964
NO,D009569
Na,D012964
Na,D012964
Na,D012964
K,D011188
Na,D012964
Na,D012964
K,D011188
isoproterenol,D007545
bromocriptine,D001971
bromocriptine,D001971
dopamine,D004298
isoproterenol,D007545
isoproterenol,D007545
bromocriptine,D001971
Isoproterenol,D007545
bromocriptine,D001971
Bromocriptine,D001971
isoproterenol,D007545
domperidone,D004294
isoproterenol,D007545
isoproterenol,D007545
isoproterenol,D007545
isoproterenol,D007545
isoproterenol,D007545
bromocriptine,D001971
bromocriptine,D001971
dopamine,D004298
clonidine,D003000
clonidine,D003000
clonidine,D003000
clonidine,D003000
clonidine,D003000
clonidine,D003000
clonidine,D003000
clonidine,D003000
ketamine,D007649
lidocaine,D008012
capsaicin,D002211
ketamine,D007649
lidocaine,D008012
capsaicin,D002211
Capsaicin,D002211
ketamine,D007649
lidocaine,D008012
capsaicin,D002211
Ketamine,D007649
Lidocaine,D008012
ketamine,D007649
lidocaine,D008012
Cyclosporine,D016572
tacrolimus,D016559
cyclosporine,D016572
cyclosporine,D016572
tacrolimus,D016559
cyclosporine,D016572
tacrolimus,D016559
cyclosporine,D016572
tacrolimus,D016559
tacrolimus,D016559
cyclosporine,D016572
tacrolimus,D016559
cyclosporine,D016572
cyclosporine,D016572
tacrolimus,D016559
cyclosporine,D016572
tacrolimus,D016559
losartan,D019808
losartan,D019808
losartan,D019808
losartan,D019808
furosemide,D005665
amine,D000588
losartan,D019808
angiotensin,D000809
angiotensin II,D000804
losartan,D019808
angiotensin II,D000804
losartan,D019808
acetaminophen,D000082
amiodarone,D000638
doxorubicin,D004317
IH636 grape seed proanthocyanidin extract,C511402
Grape seed extract,C511402
proanthocyanidins,D044945
IH636 grape seed proanthocyanidin extract,C511402
GSPE,C511402
acetaminophen,D000082
AAP,D000082
amiodarone,D000638
AMI,D000638
doxorubicin,D004317
DOX,D004317
GSPE,C511402
GSPE,C511402
GSPE,C511402
AAP,D000082
AMI,D000638
DOX,D004317
GSPE,C511402
AAP,D000082
AMI,D000638
DOX,D004317
GSPE,C511402
GSPE,C511402
AAP,D000082
AMI,D000638
DOX,D004317
GSPE,C511402
AAP,D000082
AMI,D000638
DOX,D004317
GSPE,C511402
AMI,D000638
GSPE,C511402
citalopram,D015283
citalopram,D015283
citalopram,D015283
Metamizol,D004177
morphine,D009020
morphine,D009020
metamizol,D004177
charcoal,D002606
morphine,D009020
metamizol,D004177
morphine,D009020
naloxone,D009270
morphine,D009020
morphine,D009020
metamizol,D004177
morphine,D009020
morphine,D009020
metamizol,D004177
Ifosfamide,D007069
ifosfamide,D007069
IFX,D007069
ifosfamide,D007069
ifosfamide,D007069
ifosfamide,D007069
IFX,D007069
gamma-vinyl GABA,D020888
vigabatrin,D020888
cocaine,D003042
dopamine,D004298
gamma-Vinyl GABA,D020888
GVG,D020888
GABA,D005680
GABA,D005680
GVG,D020888
cocaine,D003042
dopamine,D004298
DA,D004298
GVG,D020888
cocaine,D003042
GVG,D020888
cocaine,D003042
dopamine,D004298
heparin,D006493
Estradiol,D004958
kainic acid,D007608
17beta-estradiol,D004958
lithium,D008094
pilocarpine,D010862
17beta-estradiol,D004958
silver,D012834
17beta-Estradiol,D004958
17beta-Estradiol,D004958
estradiol,D004958
estradiol,D004958
clozapine,D003024
clozapine,D003024
clozapine,D003024
clozapine,D003024
clozapine,D003024
clozapine,D003024
Ketoconazole,D007654
ketoconazole,D007654
ketoconazole,D007654
Capsaicin,D002211
hexamethonium chloride,D018738
atropine,D001285
acetylcholine,D000109
pilocarpine,D010862
pilocarpine,D010862
Mg,D008274
bicuculline,D001640
pilocarpine,D010862
glutamate,D018698
glutamate,D018698
acetylcholine,D000109
nicotine,D009538
nicotine,D009538
acetylcholine,D000109
nicotine,D009538
nicotine,D009538
nicotine,D009538
nicotine,D009538
nicotine,D009538
azithromycin,D017963
azithromycin,D017963
Valproate,D014635
Valproate,D014635
valproate,D014635
Nitro-L-arginine methyl ester,D019331
gentamicin,D005839
nitric oxide,D009569
NO,D009569
nitro-L-arginine methyl ester,D019331
L-NAME,D019331
gentamicin,D005839
Aminoglycoside,D000617
NO,D009569
NO,D009569
aminoglycoside,D000617
gentamicin,D005839
L-NAME,D019331
L-NAME,D019331
gentamicin,D005839
methylphenidate,D008774
Methylphenidate,D008774
amphetamine,D000661
methylphenidate,D008774
methylphenidate,D008774
methylphenidate,D008774
methylphenidate,D008774
methylphenidate,D008774
warfarin,D014859
warfarin,D014859
warfarin,D014859
warfarin,D014859
warfarin,D014859
warfarin,D014859
warfarin,D014859
warfarin,D014859
warfarin,D014859
warfarin,D014859
Warfarin,D014859
warfarin,D014859
warfarin,D014859
warfarin,D014859
methylprednisolone,D008775
gentamicin,D005839
methylprednisolone,D008775
gentamicin,D005839
lignocaine,D008012
methylprednisolone,D008775
gentamicin,D005839
methylprednisolone,D008775
gentamicin,D005839
contrast medium,D003287
iopamidol,D007479
contrast medium,D003287
iodixanol,C044834
iopamidol,D007479
iodixanol,C044834
creatinine,D003404
N-acetylcysteine,D000111
iopamidol,D007479
iodixanol,C044834
iopamidol,D007479
iodixanol,C044834
iopamidol,D007479
iopamidol,D007479
iodixanol,C044834
maltolyl p-coumarate,C524754
maltolyl p-coumarate,C524754
maltol,C008316
p-coumaric acid,C032171
maltolyl p-coumarate,C524754
scopolamine,D012601
amyloid beta peptide(1-42),C544092
Maltolyl p-coumarate,C524754
amyloid beta peptide(1-42),C544092
maltolyl p-coumarate,C524754
maltolyl p-coumarate,C524754
amyloid beta peptide(1-42),C544092
glutamate,D018698
H2O2,D006861
maltolyl p-coumarate,C524754
maltolyl p-coumarate,C524754
warfarin,D014859
levofloxacin,D064704
Warfarin,D014859
Levofloxacin,D064704
fluoroquinolone,D024841
warfarin,D014859
levofloxacin,D064704
levofloxacin,D064704
warfarin,D014859
warfarin,D014859
levofloxacin,D064704
levofloxacin,D064704
warfarin,D014859
lamivudine,D019259
na,D012964
lamivudine,D019259
lamivudine,D019259
na,D012964
lamivudine,D019259
na,D012964
HBsAg,D006514
HBsAg,D006514
HBsAg,D006514
tyrosine,D014443
methionine,D008715
aspartate,D001224
aspartate,D001224
lamivudine,D019259
lamivudine,D019259
na,D012964
lamivudine,D019259
NMDA,D016202
morphine,D009020
capsaicin,D002211
N-methyl-D-aspartate,D016202
NMDA,D016202
morphine,D009020
capsaicin,D002211
NMDA,D016202
dextromethorphan,D003915
morphine,D009020
morphine,D009020
dextromethorphan,D003915
NMDA,D016202
morphine,D009020
sirolimus,D020123
sirolmus,D020123
Srl,D020123
Srl,D020123
Srl,D020123
cyclosporine,D016572
Srl,D020123
mycophenolate mofetil,C063008
steroids,D013256
ACE inhibitor,D000806
angiotensin-releasing blocker,D057911
ARB,D057911
Srl,D020123
Srl,D020123
ACEi,D000806
ARB,D057911
N-pyrimidinyl-2-phenoxyacetamides,D010642
adenosine,D000241
N-pyrimidinyl-2-phenoxyacetamide,D010642
adenosine,D000241
haloperidol,D006220
Methamphetamine,D008694
Methamphetamine,D008694
METH,D008694
dopamine,D004298
DA,D004298
MPTP,D015632
DA,D004298
METH,D008694
MPTP,D015632
DA,D004298
METH,D008694
METH,D008694
METH,D008694
DA,D004298
METH,D008694
METH,D008694
METH,D008694
METH,D008694
METH,D008694
tacrolimus,D016559
everolimus,C107135
TAC,D016559
TAC,D016559
methylprednisolone,D008775
TAC,D016559
everolimus,C107135
pergolide,D010479
pergolide,D010479
pergolide,D010479
pergolide,D010479
pergolide,D010479
pergolide,D010479
pergolide,D010479
Pergolide,D010479
pergolide,D010479
dopamine,D004298
papaverine,D010208
Papaverine hydrochloride,D010208
papaverine,D010208
papaverine,D010208
papaverine,D010208
papaverine,D010208
papaverine,D010208
papaverine,D010208
papaverine,D010208
papaverine,D010208
papaverine,D010208
papaverine,D010208
bisphosphonate,D004164
alendronate,D019386
steroid,D013256
bisphosphonate,D004164
alendronate sodium,D019386
alendronate,D019386
creatinine,D003404
bisphosphonates,D004164
doxorubicin,D004317
Doxorubicin,D004317
sodium,D012964
aldosterone,D000450
doxorubicin,D004317
Doxorubicin,D004317
aldosterone,D000450
sodium,D012964
urea,D014508
co-trimoxazole,D015662
co-trimoxazole,D015662
co-trimoxazole,D015662
co-trimoxazole,D015662
sirolimus,D020123
Sirolimus,D020123
sirolimus,D020123
sirolimus,D020123
sirolimus,D020123
sirolimus,D020123
sirolimus,D020123
creatinine,D003404
sirolimus,D020123
sirolimus,D020123
sirolimus,D020123
sirolimus,D020123
Sirolimus,D020123
sirolimus,D020123
oxycodone,D010098
oxycodone,D010098
oxycodone,D010098
oxycodone,D010098
oxycodone,D010098
oxycodone,D010098
modafinil,C048833
cocaine,D003042
modafinil,C048833
cocaine,D003042
cocaine,D003042
modafinil,C048833
cocaine,D003042
modafinil,C048833
cocaine,D003042
modafinil,C048833
cocaine,D003042
modafinil,C048833
cocaine,D003042
Modafinil,C048833
modafinil,C048833
cocaine,D003042
cocaine,D003042
asenapine,C522667
haloperidol,D006220
Asenapine,C522667
asenapine,C522667
asenapine,C522667
haloperidol,D006220
asenapine,C522667
haloperidol,D006220
asenapine,C522667
haloperidol,D006220
asenapine,C522667
asenapine,C522667
haloperidol,D006220
asenapine,C522667
haloperidol,D006220
asenapine,C522667
haloperidol,D006220
puromycin aminonucleoside,D011692
puromycin aminonucleoside,D011692
lopinavir/ritonavir,C558899
lopinavir/ritonavir,C558899
lopinavir/ritonavir,C558899
pentobarbital,D010424
pentobarbital,D010424
pentobarbital,D010424
pentobarbital,D010424
pentobarbital,D010424
diethylstilbestrol,D004054
diethylstilbestrol,D004054
xanthine,D019820
dexamethasone,D003907
nitric oxide,D009569
xanthine,D019820
dexamethasone,D003907
dex,D003907
dexamethasone,D003907
dex,D003907
allopurinol,D000493
allopurinol,D000493
dex,D003907
urate,D014527
Dex,D003907
Allopurinol,D000493
urate,D014527
dex,D003907
Allopurinol,D000493
dex,D003907
allopurinol,D000493
risperidone,D018967
haloperidol,D006220
Risperidone,D018967
dopamine,D004298
serotonin 5-HT2,D044348
risperidone,D018967
risperidone,D018967
risperidone,D018967
haloperidol,D006220
risperidone,D018967
haloperidol,D006220
haloperidol,D006220
risperidone,D018967
risperidone,D018967
haloperidol,D006220
risperidone,D018967
Simvastatin-ezetimibe,C492458
statin,D019821
ezetimibe,C108606
simvastatin-ezetimibe,C492458
simvastatin,D019821
simvastatin 10 mg-ezetimibe 40 mg,C492458
simvastatin,D019821
Simvastatinezetimibe,C492458
escitalopram,D015283
Ezetimibe,C108606
uridine diphosphate,D014530
simvastatin hydroxy acid,C532833
simvastatin,D019821
simvastatin-ezetimibe,C492458
simvastatinezetimibe,C492458
simvastatin,D019821
ezetimibe,C108606
simvastatin-ezetimibe,C492458
Methamphetamine,D008694
methamphetamine,D008694
methamphetamine,D008694
methamphetamine,D008694
methamphetamines,D008694
Thyroxine,D013974
thyroxine,D013974
methamphetamine,D008694
lipopolysaccharide,D008070
methamphetamine,D008694
lipopolysaccharide,D008070
methamphetamine,D008694
dopamine,D004298
Lipopolysaccharide,D008070
methamphetamine,D008694
lipopolysaccharide,D008070
methamphetamine,D008694
dopamine,D004298
"3,4-dihydroxyphenylacetic acid",D015102
lipopolysaccharide,D008070
methamphetamine,D008694
methamphetamine,D008694
dopamine,D004298
"3,4-dihydroxyphenylacetic acid",D015102
lipopolysaccharide,D008070
methamphetamine,D008694
dopamine,D004298
"3,4-dihydroxyphenylacetic acid",D015102
lipopolysaccharide,D008070
methamphetamine,D008694
lipopolysaccharide,D008070
methamphetamine,D008694
dopamine,D004298
adriamycin,D004317
enalapril,D004656
adriamycin,D004317
adriamycin,D004317
enalapril,D004656
enalapril,D004656
enalapril,D004656
adriamycin,D004317
enalapril,D004656
Enalapril,D004656
succinylcholine,D013390
succinylcholine,D013390
succinylcholine,D013390
succinylcholine,D013390
Ketamine,D007649
ketamine,D007649
ketamine,D007649
Ketamine hydrochloride,D007649
ketamine,D007649
Ketamine,D007649
Ketamine,D007649
lamivudine,D019259
lamivudine,D019259
hepatitis B virus surface antigen,D006514
HBs Ag,D006514
HBs Ag,D006514
lamivudine,D019259
Lamivudine,D019259
Lamivudine,D019259
lamivudine,D019259
Midazolan,D008874
MZ,D008874
Flumazenil,D005442
FL,D005442
MZ,D008874
MZ,D008874
MZ,D008874
MZ,D008874
FL,D005442
MZ,D008874
MZ,D008874
calcium,D002118
bupivacaine,D002045
calcium,D002118
bupivacaine,D002045
calcium,D002118
diltiazem,D004110
verapamil,D014700
bepridil,D015764
bupivacaine,D002045
calcium,D002118
bupivacaine,D002045
calcium,D002118
bupivacaine,D002045
bepridil,D015764
Selegiline,D012642
selegiline,D012642
L-dopa,D007980
L-dopa,D007980
selegiline,D012642
L-dopa,D007980
selegiline,D012642
selegiline,D012642
selegiline,D012642
selegiline,D012642
selegiline,D012642
selegiline,D012642
selegiline,D012642
L-dopa,D007980
amphetamine,D000661
metamphetamine,D008694
capsaicin,D002211
capsaicin,D002211
Capsaicin,D002211
capsaicin,D002211
captopril,D002216
captopril,D002216
captopril,D002216
captopril,D002216
propylthiouracil,D011441
propylthiouracil,D011441
Capsaicin,D002211
Capsaicin,D002211
levodopa,D007980
Disulfiram,D004221
hydrogen cyanamide,D003484
Hydrogen cyanamide,D003484
aldehyde,D000079
acetaldehyde,D000079
alcohol,D000431
disulfiram,D004221
hydrogen cyanamide,D003484
Dormex,D003484
hydrogen cyanamide,D003484
alcohol,D000431
alcohol,D000431
Dormex,D003484
disulfiram,D004221
alcohol,D000431
Dormex,D003484
trimipramine,D014299
dopamine,D004298
Trimipramine,D014299
TRI,D014299
antidepressant,D000928
imipramine,D007099
noradrenaline,D009638
5-hydroxytryptamine,D012701
antidepressant,D000928
TRI,D014299
antidepressants,D000928
TRI,D014299
TRI,D014299
reserpine,D012110
5-hydroxytryptophan,D006916
TRI,D014299
d-amphetamine,D003913
quinpirole,D019257
dopamine,D004298
d-amphetamine,D003913
apomorphine,D001058
TRI,D014299
phenylephrine,D010656
clonidine,D003000
antidepressants,D000928
TRI,D014299
dopamine,D004298
antidepressants,D000928
antidepressant,D000928
Ranitidine,D011899
Ranitidine,D011899
ranitidine,D011899
doxorubicin,D004317
adriamycin,D004317
Acetazolamide,D000086
acetazolamide,D000086
acetazolamide,D000086
lindane,D001556
gamma benzene hexachloride,D001556
Lindane,D001556
lindane,D001556
lindane,D001556
suxamethonium,D013390
8-aminoquinoline,C080436
8-[(4-amino-l-methylbutyl)amino]- 5-(l-hexyloxy)-6-methoxy-4-methylquinoline,C068820
WR242511,C068820
8-aminoquinoline,C080436
WR242511,C068820
WR242511,C068820
WR242511,C068820
WR242511,C068820
WR242511,C068820
WR242511,C068820
kanamycin,D007612
furosemide,D005665
sumatriptan,D018170
sumatriptan,D018170
salbutamol,D000420
salbutamol,D000420
salbutamol,D000420
Salbutamol,D000420
docetaxel,C067311
thalidomide,D013792
docetaxel,C067311
thalidomide,D013792
docetaxel,C067311
thalidomide,D013792
docetaxel,C067311
docetaxel,C067311
docetaxel,C067311
thalidomide,D013792
thalidomide,D013792
docetaxel,C067311
thalidomide,D013792
quaternary ammonium,D000644
UM-272,C002616
UM-272,C002616
"N,N-dimethylpropranolol",C002616
ouabain,D010042
UM-272,C002616
ciprofloxacin,D002939
ciprofloxacin,D002939
ciprofloxacin,D002939
ciprofloxacin,D002939
Simvastatin,D019821
thyroxine,D013974
simvastatin,D019821
simvastatin,D019821
danazol,D003613
danazol,D003613
combination of amoxicillin and clavulanic acid,D019980
amoxicillin-clavulanic acid,D019980
penicillin,D010406
amoxicillin,D000658
amoxicillin,D000658
clavulanic acid,D019818
cocaine,D003042
cocaine,D003042
Cocaine,D003042
carbamazepine,D002220
vigabatrin,D020888
gamma-aminobutyric acid,D005680
Procainamide,D011342
procainamide,D011342
procainamide,D011342
procainamide,D011342
procainamide,D011342
procainamide,D011342
bradykinin,D001920
bradykinin,D001920
dextran,D003911
phenylephrine,D010656
Hoe-140,C065679
Phenylephrine,D010656
dextran,D003911
bradykinin,D001920
5-azacytidine,D001374
5-azacytidine,D001374
5-AzC,D001374
benzo[a]-pyrene,D001564
N-methyl-N-nitrosourea,D008770
"1,2-dimethylhydrazine",D019813
"1,2-DMH",D019813
2-acetylaminofluorene,D015073
CCl4,D002251
5-AzC,D001374
5-AzC,D001374
[3H]-5-azadeoxycytidine,C014347
"1,2-DMH",D019813
cytosine,D003596
5-AzC,D001374
5-AzC,D001374
risperidone,D018967
risperidone,D018967
trihexyphenidyl,D014282
risperidone,D018967
serotonin,D012701
dopamine,D004298
serotonin,D012701
Verapamil,D014700
Verapamil,D014700
captopril,D002216
verapamil,D014700
verapamil,D014700
catecholamines,D002395
methotrexate,D008727
methotrexate,D008727
methotrexate,D008727
methotrexate,D008727
Leucovorin,D002955
methotrexate,D008727
methotrexate,D008727
bilirubin,D001663
methotrexate,D008727
carbamazepine,D002220
carbamazepine,D002220
carbamazepine,D002220
nicotine,D009538
kainic acid,D007608
nicotine,D009538
nicotine,D009538
choline,D002794
tyrosine,D014443
dobutamine,D004280
dobutamine,D004280
dobutamine,D004280
Tc99m-Sestamibi,D017256
Sestamibi,D017256
dobutamine,D004280
dobutamine,D004280
dobutamine,D004280
alcohol,D000431
paracetamol,D000082
alcohol,D000431
paracetamol,D000082
acetaminophen,D000082
alcohol,D000431
alcohol,D000431
paracetamol,D000082
paracetamol,D000082
paracetamol,D000082
alcohol,D000431
paracetamol,D000082
paracetamol,D000082
Cocaine,D003042
cocaine,D003042
cocaine,D003042
cocaine,D003042
cocaine,D003042
cocaine,D003042
simvastatin,D019821
amiodarone,D000638
atazanavir,C413408
simvastatin,D019821
amiodarone,D000638
atazanavir,C413408
simvastatin,D019821
amiodarone,D000638
atazanavir,C413408
creatine,D003401
blood urea nitrogen,D001806
creatinine,D003404
aspartate,D001224
alanine,D000409
Simvastatin,D019821
amiodarone,D000638
creatine,D003401
creatinine,D003404
simvastatin,D019821
Simvastatin,D019821
Amiodarone,D000638
atazanavir,C413408
statins,D019821
statins,D019821
pravastatin,D017035
fluvastatin,C065180
rosuvastatin,C422923
atorvastatin,C065179
simvastatin,D019821
lovastatin,D008148
vinorelbine,C030852
vinorelbine,C030852
VNB,C030852
cisplatin,D002945
VNB,C030852
VNB,C030852
VNB,C030852
VNB,C030852
Paclitaxel,D017239
cisplatin,D002945
gemcitabine,C056507
Cisplatin,D002945
paclitaxel,D017239
cisplatin,D002945
gemcitabine,C056507
paclitaxel,D017239
cisplatin,D002945
gemcitabine,C056507
paclitaxel,D017239
cisplatin,D002945
gemcitabine,C056507
paclitaxel,D017239
cisplatin,D002945
gemcitabine,C056507
cisplatin,D002945
aponidine hydrochloride,C016986
apraclonidine,C016986
apraclonidine,C016986
apraclonidine,C016986
apraclonidine,C016986
Carmofur,C017367
carmofur,C017367
carmofur,C017367
mexiletine,D008801
mexiletine,D008801
Mexitil-Perlongets,D008801
mexiletine,D008801
mexiletine,D008801
mexiletine,D008801
mexiletine,D008801
amphetamine,D000661
calcitonin,D002116
Calcitonin,D002116
calcitonin,D002116
amphetamine,D000661
calcitonin,D002116
calcitonin,D002116
calcitonin,D002116
calcitonin,D002116
amphetamine,D000661
epinephrine,D004837
epinephrine,D004837
Epinephrine,D004837
molindone,D008972
molindone,D008972
molindone,D008972
calcium,D002118
calcium,D002118
Ro 40-5967,D020748
calcium,D002118
calcium,D002118
nifedipine,D009543
diltiazem,D004110
verapamil,D014700
calcium,D002118
calcium,D002118
verapamil,D014700
nifedipine,D009543
Ro 40-5967,D020748
verapamil,D014700
lamivudine,D019259
hepatitis B virus e antigen,D006513
lamivudine,D019259
LAM,D019259
HBeAg,D006513
LAM,D019259
HBeAg,D006513
HBeAg,D006513
HBsAg,D006514
LAM,D019259
HBsAg,D006514
LAM,D019259
HBeAg,D006513
LAM,D019259
LAM,D019259
nucleotide,D009711
adefovir,C053001
tenofovir,C096918
sevoflurane,C009250
lidocaine,D008012
sevoflurane,C009250
lidocaine,D008012
lidocaine,D008012
sevoflurane,C009250
sevoflurane,C009250
sevoflurane,C009250
sevoflurane,C009250
enflurane,D004737
sevoflurane,C009250
enflurane,D004737
sevoflurane,C009250
enflurane,D004737
lidocaine,D008012
Apamin,D001030
calcium,D002118
potassium,D011188
sevoflurane,C009250
Apamin,D001030
sevoflurane,C009250
lidocaine,D008012
atorvastatin,C065179
dexamethasone,D003907
Dexamethasone,D003907
Dex,D003907
nitric oxide,D009569
NO,D009569
superoxide,D013481
O2-,D013481
Atorvastatin,C065179
Ato,C065179
NO,D009569
O2-,D013481
Ato,C065179
NO,D009569
O2-,D013481
Ato,C065179
Dexamethasone,D003907
Ato,C065179
acetylcholine,D000109
phenylephrine,D010656
Dex,D003907
Ato,C065179
Dex,D003907
Dex,D003907
Dex,D003907
Ato,C065179
Dex,D003907
superoxide,D013481
Dex,D003907
Ato,C065179
Dex,D003907
Ato,C065179
superoxide,D013481
Dex,D003907
99mTc-glucarate,C067171
isoproterenol,D007545
isoproterenol,D007545
glucaric acid,D005937
99mTc-glucarate,C067171
isoproterenol,D007545
isoproterenol,D007545
99mTc-glucarate,C067171
haloperidol,D006220
haloperidol,D006220
haloperidol,D006220
haloperidol,D006220
haloperidol,D006220
haloperidol,D006220
haloperidol,D006220
haloperidol,D006220
haloperidol,D006220
haloperidol,D006220
haloperidol,D006220
adriamycin,D004317
angiotensin,D000809
adriamycin,D004317
Hip-His-Leu,C010980
adriamycin,D004317
adriamycin,D004317
adriamycin,D004317
adriamycin,D004317
tobramycin,D014031
gentamicin,D005839
aminoglycoside,D000617
Gentamicin sulfate,D005839
tobramycin sulfate,D014031
gentamicin sulfate,D005839
tobramycin sulfate,D014031
aminoglycoside,D000617
tobramycin,D014031
gentamicin,D005839
gentamicin,D005839
tobramycin,D014031
MPEP,C121465
methamphetamine,D008694
dopamine,D004298
glutamate,D018698
methamphetamine,D008694
Methamphetamine,D008694
dopamine,D004298
2-methyl-6-(phenylethynyl)pyridine,C121465
MPEP,C121465
methamphetamine,D008694
methamphetamine,D008694
MPEP,C121465
dopamine,D004298
dopamine,D004298
methamphetamine,D008694
veratridine,D014701
methamphetamine,D008694
MPEP,C121465
dopamine,D004298
MPEP,C121465
methamphetamine,D008694
MPEP,C121465
methamphetamine,D008694
dopamine,D004298
desipramine HCl,D003891
cinacalcet HCl,C476217
cinacalcet,C476217
cinacalcet,C476217
desipramine,D003891
desipramine,D003891
cinacalcet,C476217
desipramine,D003891
desipramine,D003891
cinacalcet,C476217
desipramine,D003891
desipramine,D003891
cinacalcet,C476217
desipramine,D003891
desipramine,D003891
cinacalcet,C476217
desipramine,D003891
cinacalcet,C476217
cinacalcet,C476217
cinacalcet,C476217
L-DOPA,D007980
L-DOPA,D007980
L-DOPA,D007980
6-hydroxydopamine,D016627
L-DOPA,D007980
bromocriptine,D001971
L-DOPA,D007980
corticosteroids,D000305
paramethasone,D010248
dexamethasone,D003907
corticosteroids,D000305
paramethasone,D010248
corticosteroids,D000305
paramethasone,D010248
paramethasone,D010248
paramethasone,D010248
Valproic acid,D014635
VPA,D014635
Valproic acid,D014635
VPA,D014635
VPA,D014635
VPA,D014635
VPA,D014635
VPA,D014635
VPA,D014635
metronidazole,D008795
metronidazole,D008795
metronidazole,D008795
metronidazole,D008795
aminoglycosides,D000617
furosemide,D005665
cimetidine,D002927
cimetidine,D002927
cimetidine,D002927
cimetidine,D002927
cimetidine,D002927
cimetidine,D002927
histamine,D006632
cimetidine,D002927
ethinyl estradiol,D004997
EE,D004997
EE,D004997
EE,D004997
desferrioxamine,D003676
DFO,D003676
DFO,D003676
DFO,D003676
DFO,D003676
enalapril,D004656
prazosin,D011224
angiotensin converting enzyme (ACE) inhibitors,D000806
ACE inhibitor,D000806
enalapril,D004656
prazosin,D011224
enalapril,D004656
prazosin,D011224
enalapril,D004656
prazosin,D011224
enalapril,D004656
enalapril,D004656
azidothymidine,D015215
Azidothymidine,D015215
AZT,D015215
AZT,D015215
thymidine,D013936
thymidine,D013936
Na,D012964
Ca,D002118
Na,D012964
Ca,D002118
Na,D012964
Ca,D002118
verapamil,D014700
Na,D012964
Ca,D002118
Na,D012964
Na,D012964
Ca,D002118
Na,D012964
Ca,D002118
Na,D012964
Ca,D002118
Ca,D002118
verapamil,D014700
Na,D012964
Ca,D002118
verapamil,D014700
verapamil,D014700
Na,D012964
Ca,D002118
verapamil,D014700
Sodium,D012964
amphotericin B,D000666
amphotericin B,D000666
amphotericin B,D000666
creatinine,D003404
creatinine,D003404
creatinine,D003404
sodium,D012964
amphotericin B,D000666
amphotericin B,D000666
creatinine,D003404
amphotericin B,D000666
amphotericin B,D000666
sodium,D012964
metronidazole,D008795
metronidazole,D008795
metronidazole,D008795
metronidazole,D008795
metronidazole,D008795
metronidazole,D008795
morphine,D009020
morphine,D009020
bupivacaine,D002045
carbon dioxide,D002245
morphine,D009020
morphine,D009020
phenytoin,D010672
phenytoin,D010672
phenytoin,D010672
phenytoin,D010672
phenytoin,D010672
phenytoin,D010672
doxorubicin,D004317
doxorubicin,D004317
DOX,D004317
DOX,D004317
DOX,D004317
DOX,D004317
DOX,D004317
DOX,D004317
DOX,D004317
DOX,D004317
DOX,D004317
DOX,D004317
DOX,D004317
DOX,D004317
DOX,D004317
DOX,D004317
DOX,D004317
cyclosporine,D016572
tacrolimus,D016559
calcium,D002118
cyclosporine,D016572
tacrolimus,D016559
propofol,D015742
ephedrine,D004809
propofol,D015742
ephedrine,D004809
propofol,D015742
ephedrine,D004809
propofol,D015742
ephedrine,D004809
propofol,D015742
propofol,D015742
ephedrine,D004809
propofol,D015742
ephedrine,D004809
propofol,D015742
halogenated hydroxyquinolines,D006912
halogenated hydroxyquinolines,D006912
clioquinol,D007464
clioquinol,D007464
clioquinol,D007464
clioquinol,D007464
tranexamic acid,D014148
tranexamic acid,D014148
tAMCA,D014148
tAMCA,D014148
tAMCA,D014148
tAMCA,D014148
tAMCA,D014148
tAMCA,D014148
tAMCA,D014148
tAMCA,D014148
Tranexamic acid,D014148
tAMCA,D014148
amphetamine,D000661
amphetamine,D000661
sucrose,D013395
amphetamine,D000661
sucrose,D013395
amphetamine,D000661
sucrose,D013395
amphetamine,D000661
amphetamine,D000661
amphetamine,D000661
sucrose,D013395
amphetamine,D000661
dopamine,D004298
D-penicillamine,D010396
D-penicillamine,D010396
D-penicillamine,D010396
D-pen,D010396
D-pen,D010396
D-pen,D010396
hyaluronate,D006820
D-pen,D010396
D-pen,D010396
D-pen,D010396
anthracycline,D018943
Anthracyclines,D018943
anthracycline,D018943
anthracycline,D018943
daunorubicin,D003630
DNR,D003630
DNR,D003630
DNR,D003630
anthracycline,D018943
Sulfonamides,D013449
Nitrofurantoins,D009582
erythromycins,D004917
penicillins,D010406
cephalosporins,D002511
quinolones,D015363
penicillins,D010406
erythromycins,D004917
cephalosporins,D002511
Sulfonamides,D013449
nitrofurantoins,D009582
cyclophosphamide,D003520
chlorambucil,D002699
alkylating agents,D000477
azathioprine,D001379
purine,D011687
methotrexate,D008727
folic acid,D005492
alkylating agents,D000477
alkylating agents,D000477
azathioprine,D001379
Cyclophosphamide,D003520
azathioprine,D001379
cyclophosphamide,D003520
alkylating agents,D000477
methyldopa,D008750
methyldopa,D008750
methyldopa,D008750
methyldopa,D008750
methyldopa,D008750
paclitaxel,D017239
cisplatin,D002945
paclitaxel,D017239
Taxol,D017239
paclitaxel,D017239
cisplatin,D002945
paclitaxel,D017239
cisplatin,D002945
paclitaxel,D017239
cisplatin,D002945
paclitaxel,D017239
paclitaxel,D017239
Paclitaxel,D017239
cisplatin,D002945
paclitaxel,D017239
4'-0-tetrahydropyranyladriamycin,C027260
4'-0-tetrahydropyranyladriamycin,C027260
Pirarubicin,C027260
Pirarubicin,C027260
Adriamycinol,C010013
doxorubicin,D004317
adriamycinone,C010012
tetrahydropyranyladriamycinol,C027260
doxorubicin,D004317
Pirarubicin,C027260
gamma-hexachlorocyclohexane,D001556
lindane,D001556
Gamma-hexachlorocyclohexane,D001556
gamma-HCH,D001556
lindane,D001556
PTZ,D010433
gamma-HCH,D001556
PTZ,D010433
gamma-HCH,D001556
gamma-HCH,D001556
gamma-HCH,D001556
gamma-HCH,D001556
PTZ,D010433
picrotoxin,D010852
PTX,D010852
3-mercaptopropionic acid,D015097
MPA,D015097
bicuculline,D001640
BCC,D001640
"methyl 6,7-dimethoxy-4-ethyl-B-carboline-3-carboxylate",C034818
DMCM,C034818
strychnine,D013331
STR,D013331
gamma-HCH,D001556
pentylenetetrazol,D010433
picrotoxin,D010852
3H-TBOB,C046308
MPA,D015097
BCC,D001640
DMCM,C034818
STR,D013331
3H-TBOB,C046308
t-butyl bicyclo-orthobenzoate,C046308
PTZ,D010433
PTX,D010852
gamma-HCH,D001556
gamma-HCH,D001556
GABA,D005680
carboplatin,D016190
carboplatin,D016190
cisplatin,D002945
carboplatin,D016190
carboplatin,D016190
carboplatin,D016190
glycerin,D005990
carboplatin,D016190
amsacrine,D000677
CI-921,C042315
NSC 343499,C042315
CI-921,C042315
NSC 343499,C042315
"9-[[2-methoxy-4-[(methylsulphonyl)amino]phenyl]amino] -N,5-dimethyl- 4-acridinecarboxamide",C042315
Alpha-lipoic acid,D008063
alpha-lipoic acid,D008063
alpha-lipoic acid,D008063
paclitaxel,D017239
cisplatin,D002945
alpha-lipoic acid,D008063
alpha-lipoic acid,D008063
cisplatin,D002945
paclitaxel,D017239
Alpha-lipoic acid,D008063
paclitaxel,D017239
cisplatin,D002945
Alpha-lipoic acid,D008063
alpha-lipoic acid,D008063
warfarin,D014859
aspirin,D001241
warfarin,D014859
aspirin,D001241
Ximelagatran,C426686
vitamin K,D014812
Clopidogrel,C055162
Irbesartan,C081309
warfarin,D014859
clopidogrel,C055162
aspirin,D001241
Idraparinux,C479958
Angiotensin,D000809
angiotensin II,D000804
statins,D019821
cyclosporin A,D016572
etoposide,D005047
cyclosporin A,D016572
etoposide,D005047
cyclosporin A,D016572
cyclosporin A,D016572
cefonicid,D015790
cefazedone,C021341
cephalosporin,D002511
Cephalosporin,D002511
cefonicid,D015790
cefazedone,C021341
cefonicid,D015790
cefazedone,C021341
cephalosporin,D002511
cefonicid,D015790
cefazedone,C021341
cefonicid,D015790
cefazedone,C021341
cephalosporin,D002511
pyridoxine,D011736
isoniazid,D007538
isoniazid,D007538
pyridoxine hydrochloride,D011736
isoniazid,D007538
pyridoxine,D011736
niacinamide,D009536
pyridoxine,D011736
pyridoxine,D011736
pyridoxal,D011730
kynurenine,D007737
tryptophan,D014364
pyridoxine,D011736
dopamine,D004298
NRA0160,C121249
NRA0160,C121249
5 - [2- ( 4- ( 3 - fluorobenzylidene) piperidin-1-yl) ethyl] - 4 -(4-fluorophenyl) thiazole-2-carboxamide,C121249
dopamine,D004298
NRA0160,C121249
dopamine,D004298
dopamine,D004298
NRA0160,C121249
dopamine,D004298
serotonin,D012701
5-HT,D012701
NRA0160,C121249
clozapine,D003024
methamphetamine,D008694
MAP,D008694
NRA0160,C121249
clozapine,D003024
MAP,D008694
NRA0160,C121249
clozapine,D003024
NRA0160,C121249
clozapine,D003024
apomorphine,D001058
NRA0160,C121249
clozapine,D003024
phencyclidine,D010622
PCP,D010622
NRA0160,C121249
troleandomycin,D014217
troleandomycin,D014217
troleandomycin,D014217
troleandomycin,D014217
Lovastatin,D008148
simvastatin,D019821
lovastatin,D008148
simvastatin,D019821
Lovastatin,D008148
cholesterol,D002784
cholesterol,D002784
cholesterol,D002784
creatine,D003401
lovastatin,D008148
cyclosporin,D016572
gemfibrozil,D015248
niacin,D009525
Lovastatin,D008148
simvastatin,D019821
cholesterol,D002784
Sulfasalazine,D012460
sulfasalazine,D012460
sulfasalazine,D012460
sulfasalazine,D012460
sulfasalazine,D012460
sulfasalazine,D012460
levodopa,D007980
levodopa,D007980
carbidopa,D002230
levodopa,D007980
dopamine,D004298
levodopa,D007980
chlormethiazole,D002719
alcohol,D000431
nitrazepam,D009567
nitrazepam,D009567
chlormethiazole,D002719
chlormethiazole,D002719
fentanyl,D005283
sevoflurane,C009250
sevoflurane,C009250
Fentanyl,D005283
sevoflurane,C009250
fentanyl,D005283
dexamethasone,D003907
fentanyl,D005283
fentanyl,D005283
fentanyl,D005283
fentanyl,D005283
dexamethasone,D003907
Dexamethasone,D003907
fentanyl,D005283
fentanyl,D005283
Fentanyl,D005283
sevoflurane,C009250
fentanyl,D005283
sevoflurane,C009250
Tacrolimus,D016559
MMF,-1
steroids,D013256
Lamivudine,D019259
tacrolimus,D016559
sirolimus,D020123
tacrolimus,D016559
lamivudine,D019259
thioperamide,C052075
histamine,D006632
apomorphine,D001058
amphetamine,D000661
haloperidol,D006220
apomorphine,D001058
amphetamine,D000661
(R)-alpha-methylhistamine,C069357
RAMH,C069357
thioperamide,C052075
THP,C052075
THP,C052075
haloperidol,D006220
RAMH,C069357
THP,C052075
RAMH,C069357
THP,C052075
amphetamine,D000661
THP,C052075
RAMH,C069357
THP,C052075
apomorphine,D001058
THP,C052075
RAMH,C069357
THP,C052075
haloperidol,D006220
amphetamine,D000661
apomorphine,D001058
THP,C052075
RAMH,C069357
histamine,D006632
propafenone,D011405
propafenone,D011405
cisplatin,D002945
WR-2721,D004999
amifostine,D004999
Cisplatin,D002945
cisplatin,D002945
cisplatin,D002945
cisplatin,D002945
WR-2721,D004999
amifostine,D004999
Amifostine,D004999
alkylating agents,D000477
cisplatin,D002945
cisplatin,D002945
amifostine,D004999
cisplatin,D002945
cisplatin,D002945
amifostine,D004999
amifostine,D004999
amifostine,D004999
cisplatin,D002945
mannitol,D008353
cisplatin,D002945
cisplatin,D002945
amifostine,D004999
amifostine,D004999
cisplatin,D002945
Warfarin,D014859
warfarin,D014859
warfarin,D014859
penicillamine,D010396
chloroquine,D002738
penicillamine,D010396
chloroquine,D002738
acetylcholine,D000109
cephalothin,D002512
gentamicin,D005839
cephalothin sodium,D002512
gentamicin sulfate,D005839
scopolamine,D012601
s-limonene,C008281
s-perillyl alcohol,C032208
scopolamine,D012601
s-perillyl alcohol,C032208
dopamine,D004298
scopolamine,D012601
s-limonene,C008281
s-perillyl alcohol,C032208
scopolamine,D012601
Ro4368554,C507242
serotonin,D012701
5-HT,D012701
acetylcholine,D000109
ACh,D000109
5-HT,D012701
Ro4368554,C507242
3-benzenesulfonyl-7-(4-methyl-piperazin-1-yl)1H-indole,C507242
scopolamine,D012601
tryptophan,D014364
TRP,D014364
metrifonate,D014236
metrifonate,D014236
Ro4368554,C507242
Ro4368554,C507242
metrifonate,D014236
scopolamine,D012601
TRP,D014364
Ro4368554,C507242
Ro4368554,C507242
5-HT,D012701
creatine,D003401
magnesium,D008274
potassium,D011188
alcohol,D000431
creatine,D003401
heparin,D006493
diltiazem,D004110
amiodarone,D000638
metoprolol,D008790
aspirin,D001241
creatine,D003401
creatine,D003401
creatine,D003401
DFU,C106876
piroxicam,D010894
piroxicam,D010894
DFU,C106876
"5,5-dimethyl-3-(3-fluorophenyl)-4-(4-methylsulphonyl) phenyl-2(5H)-furanon",C106876
piroxicam,D010894
DFU,C106876
piroxicam,D010894
piroxicam,D010894
DFU,C106876
piroxicam,D010894
DFU,C106876
DFU,C106876
piroxicam,D010894
steroids,D013256
cocaine,D003042
steroids,D013256
steroid,D013256
gamma-aminobutyric acid,D005680
GABA,D005680
cocaine,D003042
cocaine,D003042
Allopregnanolone,D011280
3alpha-hydroxy-5alpha-pregnan-20-one,D011280
pregnanolone,D011280
3alpha-hydroxy-5beta-pregnan-20-one,D011280
ganaxolone,C105051
allopregnanolone,D011280
3alpha-hydroxy-3beta-methyl-5alpha-pregnan-20-one,C105051
cocaine,D003042
cocaine,D003042
GABA,D005680
allopregnanolone,D011280
ganaxolone,C105051
Allopregnanolone,D011280
pregnanolone,D011280
ganaxolone,C105051
steroids,D013256
cocaine,D003042
cyclosporine A,D016572
tacrolimus,D016559
sirolimus,D020123
Sirolimus,D020123
SRL,D020123
SRL,D020123
SRL,D020123
cyclosporine A,D016572
CsA,D016572
tacrolimus,D016559
FK506,D016559
SRL,D020123
CsA,D016572
FK506,D016559
SRL,D020123
CsA,D016572
FK506,D016559
SRL,D020123
CsA,D016572
FK506,D016559
SRL,D020123
FK506,D016559
SRL,D020123
CsA,D016572
SRL,D020123
FK506,D016559
SRL,D020123
CsA,D016572
SRL,D020123
FK506,D016559
SRL,D020123
fucoidan,C007789
fucoidan,C007789
fucoidan,C007789
Fucoidan,C007789
Paracetamol,D000082
paracetamol,D000082
ketoconazole,D007654
Ketoconazole,D007654
ketoconazole,D007654
ketoconazole,D007654
prostaglandin E1,D000527
prostaglandin E1,D000527
PGE1,D000527
dextran,D003911
PGE1,D000527
aceto-acetate,C016635
3-hydroxybutyrate,D020155
bilirubin,D001663
PGE1,D000527
Levodopa,D007980
Levodopa,D007980
dopamine,D004298
levodopa,D007980
dopamine,D004298
glutamate,D018698
levodopa,D007980
pilocarpine,D010862
salvianolic acid A,C066201
isoproterenol,D007545
salvianolic acid A,C066201
isoproterenol,D007545
Isoproterenol,D007545
lactate,D019344
aspartate,D001224
creatine,D003401
malondialdehyde,D008315
superoxide,D013481
glutathione,D005978
ADP,D000244
isoproterenol,D007545
salvianolic acid A,C066201
isoproterenol,D007545
salvianolic acid A,C066201
isoproterenol,D007545
salvianolic acid A,C066201
isoproterenol,D007545
N-(2-propylpentanoyl)urea,C108761
amino acid,D000596
pilocarpine,D010862
amino acid,D000596
glutamate,D018698
aspartate,D001224
glycine,D005998
GABA,D005680
N-(2-propylpentanoyl)urea,C108761
VPU,C108761
valproic acid,D014635
VPA,D014635
VPU,C108761
VPA,D014635
pilocarpine,D010862
VPA,D014635
pilocarpine,D010862
glutamate,D018698
aspartate,D001224
glycine,D005998
GABA,D005680
VPU,C108761
VPA,D014635
pilocarpine,D010862
glutamate,D018698
aspartate,D001224
GABA,D005680
glycine,D005998
glutamate,D018698
aspartate,D001224
VPU,C108761
VPA,D014635
pilocarpine,D010862
amino acid,D000596
glutamate,D018698
aspartate,D001224
VPA,D014635
VPU,C108761
pilocarpine,D010862
glutamate,D018698
aspartate,D001224
pilocarpine,D010862
telithromycin,C106791
telithromycin,C106791
alanine,D000409
aspartate,D001224
bilirubin,D001663
bilirubin,D001663
alcohol,D000431
telithromycin,C106791
Telithromycin,C106791
telithromycin,C106791
telithromycin,C106791
telithromycin,C106791
Spironolactone,D013148
spironolactone,D013148
spironolactone,D013148
spironolactone,D013148
spironolactone,D013148
K,D011188
Cr,D002857
spironolactone,D013148
potassium,D011188
potassium,D011188
creatinine,D003404
thiazide,D049971
Spironolactone,D013148
cyclosporine,D016572
tacrolimus,D016559
creatinine,D003404
creatinine,D003404
creatinine,D003404
creatinine,D003404
creatinine,D003404
creatinine,D003404
nimodipine,D009553
Nimodipine,D009553
nimodipine,D009553
nimodipine,D009553
nimodipine,D009553
Nimodipine,D009553
nimodipine,D009553
nimodipine,D009553
nimodipine,D009553
prilocaine,D011318
bupivacaine,D002045
lidocaine,D008012
lidocaine,D008012
bupivacaine,D002045
lidocaine,D008012
Prilocaine,D011318
lidocaine,D008012
prilocaine,D011318
lidocaine,D008012
bupivacaine,D002045
lidocaine,D008012
glucose,D005947
prilocaine,D011318
glucose,D005947
bupivacaine,D002045
glucose,D005947
lidocaine,D008012
prilocaine,D011318
bupivacaine,D002045
lidocaine,D008012
prilocaine,D011318
bupivacaine,D002045
Prilocaine,D011318
lidocaine,D008012
nicotine,D009538
Nicotine,D009538
nicotine,D009538
nicotine,D009538
nicotine,D009538
carbon monoxide,D002248
Nicotine,D009538
nicotine,D009538
nicotine,D009538
nicotine,D009538
nicotine,D009538
venlafaxine,C047426
venlafaxine,C047426
venlafaxine,C047426
venlafaxine,C047426
venlafaxine,C047426
venlafaxine,C047426
venlafaxine,C047426
venlafaxine,C047426
nifedipine,D009543
tacrolimus,D016559
nifedipine,D009543
tacrolimus,D016559
tacrolimus,D016559
nifedipine,D009543
nifedipine,D009543
Nifedipine,D009543
creatinine,D003404
nifedipine,D009543
tacrolimus,D016559
cimetidine,D002927
cimetidine,D002927
cimetidine,D002927
cimetidine,D002927
ranitidine,D011899
cimetidine,D002927
octreotide,D015282
ursodeoxycholic acid,D014580
Octreotide,D015282
octreotide,D015282
cholesterol,D002784
cholesterol,D002784
cholesterol,D002784
cholesterol,D002784
cholesterol,D002784
ursodeoxycholic acid,D014580
UDCA,D014580
UDCA,D014580
cholesterol,D002784
octreotide,D015282
cholesterol,D002784
calcium,D002118
terbutaline,D013726
terbutaline,D013726
2-chloroprocaine-CE,C004616
bupivacaine,D002045
2-chloroprocaine-CE,C004616
bupivacaine,D002045
2-chloroprocaine-CE,C004616
2-chloroprocaine-CE,C004616
bupivacaine,D002045
2-chloroprocaine-CE,C004616
bupivacaine,D002045
adriamycin,D004317
Adriamycin,D004317
Adriamycin,D004317
sulindac,D013467
indomethacin,D007213
sulindac,D013467
prostacyclin,D011464
sulindac,D013467
potassium,D011188
sulindac,D013467
potassium,D011188
sulindac,D013467
sulindac,D013467
ritodrine,D012312
ritodrine,D012312
ritodrine,D012312
ritodrine,D012312
potassium,D011188
ephedrine,D004809
phenylephrine,D010656
estrogen,D004967
bromocriptine,D001971
bromocriptine,D001971
estrogen,D004967
bromocriptine,D001971
bromocriptine,D001971
bromocriptine,D001971
bromocriptine,D001971
prednisolone,D011239
prednisolone,D011239
prednisolone,D011239
midazolam,D008874
Midazolam hydrochloride,D008874
midazolam,D008874
midazolam,D008874
levodopa/carbidopa,C009265
carbidopa/levodopa,C009265
vitamin B6,D025101
L-alpha-glyceryl-phosphorylcholine,D005997
scopolamine,D012601
L-alpha-glycerylphosphorylcholine,D005997
L-alpha-GFC,D005997
scopolamine,D012601
L-alpha-GFC,D005997
scopolamine,D012601
scopolamine,D012601
cocaine,D003042
benzoylecgonine,C005618
cocaine,D003042
cocaine,D003042
cocaine,D003042
benzoylecgonine,C005618
BE,C005618
cocaine,D003042
BE,C005618
BE,C005618
cocaine,D003042
cocaine,D003042
BE,C005618
BE,C005618
cocaine,D003042
cocaine,D003042
BE,C005618
cocaine,D003042
cocaine,D003042
BE,C005618
amphetamine,D000661
dopamine,D004298
LY274614,C070935
amino acid,D000596
LY274614,C070935
"3SR,4aRS,6SR,8aRS-6-[phosphonomethyl]decahydr oisoquinoline-3- carboxylic acid",C070935
N-methyl-D-aspartate,D016202
NMDA,D016202
glutamate,D018698
dopamine,D004298
amphetamine,D000661
iprindole,D007488
amphetamine,D000661
iprindole,D007488
dopamine,D004298
dopamine,D004298
dizocilpine,D016291
MK-801,D016291
NMDA,D016202
LY274614,C070935
NMDA,D016202
LY274614,C070935
LY274614,C070935
dopamine,D004298
amphetamine,D000661
amphetamine,D000661
dopamine,D004298
LY274614,C070935
amphetamine,D000661
LY274614,C070935
amphetamine,D000661
dopamine,D004298
methamphetamine,D008694
LY274614,C070935
amphetamine,D000661
dopamine,D004298
NMDA,D016202
LY274614,C070935
NMDA,D016202
pyridoxine,D011736
isoniazid,D007538
isoniazid,D007538
pyridoxine,D011736
pyridoxine,D011736
isoniazid,D007538
phenylephrine,D010656
nitroglycerin,D005996
Nitroglycerin,D005996
nitroglycerin,D005996
nitroglycerin,D005996
phenylephrine,D010656
nitroglycerin,D005996
nitroglycerin,D005996
phenylephrine,D010656
phenylephrine,D010656
nitroglycerin,D005996
CaCl2,D002122
calcium chloride,D002122
CaCl(2),D002122
CaCl(2),D002122
NaCl,D012965
CaCl(2),D002122
CaCl(2),D002122
NaCl,D012965
CaCl(2),D002122
CaCl(2),D002122
NaCl,D012965
CaCl(2),D002122
CaCl(2),D002122
CaCl(2),D002122
NaCl,D012965
CaCl(2),D002122
CaCl(2),D002122
catecholamines,D002395
epinephrine,D004837
catecholamine,D002395
glutamate,D018698
paclitaxel,D017239
paclitaxel,D017239
PAC,D017239
glutamate,D018698
amino acid,D000596
glutamine,D018698
PAC,D017239
glutamate,D018698
PAC,D017239
PAC,D017239
glutamate,D018698
glutamate,D018698
PAC,D017239
capsaicin,D002211
capsaicin,D002211
capsaicin,D002211
capsaicin,D002211
capsaicin,D002211
Testosterone,D013739
salt,D017673
salt,D017673
salt,D017673
salt,D017673
angiotensin,D000809
testosterone,D013739
salt,D017673
Testosterone,D013739
Testosterone,D013739
angiotensin,D000809
dopamine,D004298
apomorphine,D001058
amphetamine,D000661
haloperidol,D006220
MK-801,D016291
H,D006859
MK-801,D016291
H,D006859
haloperidol,D006220
dopamine,D004298
H,D006859
MK-801,D016291
rapamycin,D020123
sirolimus,D020123
sirolimus,D020123
sirolimus,D020123
sirolimus,D020123
ribonucleic acid,D012313
estradiol,D004958
estrogen,D004967
dopamine,D004298
sulpiride,D013469
estradiol,D004958
Sulpiride,D013469
steroid,D013256
Estradiol,D004958
estrogen,D004967
estradiol,D004958
sulpiride,D013469
estradiol,D004958
Sulpiride,D013469
Estradiol,D004958
estradiol,D004958
steroid,D013256
estradiol,D004958
cholesteryl ester,D002788
ritonavir,D019438
ritonavir,D019438
ritonavir,D019438
ritonavir,D019438
cholesteryl ester,D002788
cholesterol,D002784
ritonavir,D019438
17beta-estradiol,D004958
E2,D004958
progesterone,D011374
ethanol,D000431
ritonavir,D019438
E2,D004958
cholesteryl esters,D002788
ritonavir,D019438
Ritonavir,D019438
ritonavir,D019438
E2,D004958
E2,D004958
E2,D004958
cholesteryl ester,D002788
ritonavir,D019438
phenytoin,D010672
pilocarpine,D010862
phenobarbital,D010634
tariquidar,C402343
pilocarpine,D010862
pilocarpine,D010862
pilocarpine,D010862
pilocarpine,D010862
pilocarpine,D010862
cyclosporine,D016572
cyclosporine,D016572
tacrolimus,D016559
cyclosporine,D016572
tacrolimus,D016559
cyclosporine,D016572
epinephrine,D004837
Catecholamine,D002395
catecholamines,D002395
epinephrine,D004837
cyclophosphamide,D003520
cyclophosphamide,D003520
cyclophosphamide,D003520
cyclophosphamide,D003520
cyclophosphamide,D003520
cyclophosphamide,D003520
L-arginine,D001120
cortisol,D006854
L-arginine,D001120
nitric oxide,D009569
cortisol,D006854
L-arginine,D001120
Hydrocortisone acetate,C021650
L-arginine,D001120
L-arginine,D001120
[3H]-l-arginine,D001120
[3H]-L-arginine,D001120
[3H]-L-arginine,D001120
L-arginine,D001120
cortisol,D006854
L-arginine,D001120
l-arginine,D001120
L-arginine,D001120
cortisol,D006854
L-arginine,D001120
cortisol,D006854
cortisol,D006854
l-arginine,D001120
tacrolimus,D016559
tacrolimus,D016559
tacrolimus,D016559
tacrolimus,D016559
Octreotide,D015282
octreotide,D015282
5-azacytidine,D001374
cocaine,D003042
cocaine,D003042
Cocaine,D003042
cocaine,D003042
cocaine,D003042
FK506,D016559
tacrolimus,D016559
FK506,D016559
tacrolimus,D016559
FK506,D016559
corticosteroids,D000305
aspirin,D001241
dipyridamole,D004176
FK506,D016559
FK506,D016559
FK506,D016559
cyclosporin A,D016572
CyA,D016572
desipramine,D003891
desipramine,D003891
Desipramine,D003891
Desipramine,D003891
antidepressants,D000928
amantadine,D000547
amines,D000588
amantadine hydrochloride,D000547
amines,D000588
Amantadine,D000547
amantadine,D000547
amantadine,D000547
amantadine,D000547
amantadine,D000547
amantadine,D000547
dopamine,D004298
"3,4-dihydroxyphenylacetic acid",D015102
normetanephrine,D009647
amantadine,D000547
amantadine,D000547
amantadine,D000547
amines,D000588
catecholamine,D002395
norepinephrine,D009638
amantadine,D000547
phenobarbital,D010634
choline,D002794
phenobarbital,D010634
choline,D002794
choline,D002794
choline,D002794
phenobarbital,D010634
choline,D002794
phenobarbital,D010634
choline,D002794
phenobarbital,D010634
choline,D002794
choline,D002794
phenobarbital,D010634
methylergonovine,D008755
methylergonovine,D008755
Methylergonovine,D008755
methylergonovine,D008755
Dobutamine,D004280
doxorubicin,D004317
Doxorubicin,D004317
doxorubicin,D004317
dobutamine,D004280
doxorubicin,D004317
doxorubicin,D004317
dobutamine,D004280
Dobutamine,D004280
doxorubicin,D004317
dobutamine,D004280
doxorubicin,D004317
dobutamine,D004280
doxorubicin,D004317
aminophylline,D000628
aminophylline,D000628
aminophylline,D000628
oxygen,D010100
PO2,C093415
carbon dioxide,D002245
CO2,D002245
aminophylline,D000628
aminophylline,D000628
carbachol,D002217
carbachol,D002217
carbamylcholin,D002217
carbachol,D002217
carbachol,D002217
Carbachol,D002217
adrenaline,D004837
epinephrine,D004837
atropine,D001285
furosemide,D005665
atropine,D001285
adrenaline,D004837
dopamine,D004298
carbachol,D002217
carbachol,D002217
carbachol,D002217
rizatriptan,C093622
ergotamine,D004878
caffeine,D002110
Rizatriptan,C093622
5-HT,D012701
rizatriptan,C093622
ergotamine,D004878
caffeine,D002110
rizatriptan,C093622
ergotamine,D004878
caffeine,D002110
rizatriptan,C093622
ergotamine,D004878
caffeine,D002110
rizatriptan,C093622
rizatriptan,C093622
ergotamine,D004878
caffeine,D002110
rizatriptan,C093622
rizatriptan,C093622
ergotamine,D004878
caffeine,D002110
rizatriptan,C093622
ergotamine,D004878
caffeine,D002110
rizatriptan,C093622
ergotamine,D004878
caffeine,D002110
Rizatriptan,C093622
ergotamine,D004878
caffeine,D002110
rizatriptan,C093622
ergotamine,D004878
caffeine,D002110
rizatriptan,C093622
ergotamine,D004878
caffeine,D002110
rizatriptan,C093622
ergotamine,D004878
caffeine,D002110
cisplatin,D002945
bleomycin,D001761
vinca alkaloid,D014748
cisplatin,D002945
nelarabine,C104457
etoposide,D005047
cyclophosphamide,D003520
nelarabine,C104457
AraG,C104457
etoposide,D005047
VP,D005047
cyclophosphamide,D003520
CPM,D003520
AraG,C104457
AraG,C104457
AraG,C104457
VP,D005047
CPM,D003520
AraG,C104457
etoposide,D005047
cyclophosphamide,D003520
sulphasalazine,D012460
sulphasalazine,D012460
sulphasalazine,D012460
sulphasalazine,D012460
Bupropion,D016642
Zyban,D016642
Bupropion,D016642
antidepressant,D000928
amphetamine,D000661
Zyban,D016642
bupropion hydrochloride,D016642
bupropion,D016642
diazepam,D003975
adenosine,D000241
Zyban,D016642
indocyanine green,D007208
indocyanine green,D007208
indocyanine green,D007208
indocyanine green,D007208
indocyanine green,D007208
indocyanine green,D007208
indocyanine green,D007208
indocyanine green,D007208
fluorescein sodium,D019793
indocyanine green,D007208
fluorescein,D019793
Bradykinin,D001920
nitric oxide,D009569
vincristine,D014750
streptozotocin,D013311
NO,D009569
NO,D009569
NO,D009569
bradykinin,D001920
HOE 140,C065679
des Arg10 HOE 140,C078665
bradykinin,D001920
NO,D009569
NO,D009569
HOE 140,C065679
des Arg10 HOE 140,C078665
NO,D009569
NO,D009569
bradykinin,D001920
vincristine,D014750
HOE 140,C065679
des-Arg10HOE 140,C078665
streptozotocin,D013311
NO,D009569
bradykinin,D001920
vincristine,D014750
bradykinin,D001920
NO,D009569
bradykinin,D001920
NO,D009569
cyclophosphamide,D003520
Cyclophosphamide,D003520
paclitaxel,D017239
melphalan,D008558
cyclophosphamide,D003520
thiotepa,D013852
carboplatin,D016190
cyclophosphamide,D003520
anthracyclines,D018943
cyclophosphamide,D003520
cyclophosphamide,D003520
cyclophosphamide,D003520
carbamazepine,D002220
vigabatrin,D020888
Carbamazepine,D002220
vigabatrin,D020888
carbamazepine,D002220
Vigabatrin,D020888
carbamazepine,D002220
carbamazepine,D002220
vigabatrin,D020888
sodium valproate,D014635
lamotrigine,C047781
ethosuximide,D005013
omeprazole,D009853
Omeprazole,D009853
omeprazole,D009853
omeprazole,D009853
omeprazole,D009853
bilirubin,D001663
omeprazole,D009853
omeprazole,D009853
didanosine,D016049
ddI,D016049
zidovudine,D015215
AZT,D015215
zidovudine,D015215
AZT,D015215
didanosine,D016049
ddI,D016049
didanosine,D016049
didanosine,D016049
ribavirin,D012254
ribavirin,D012254
sunitinib,C473478
sorafenib,C471405
pegylated interferon alpha 2a,C100416
ribavirin,D012254
pegylated interferon,C417083
ribavirin,D012254
ribavirin,D012254
ribavirin,D012254
Cocaine,D003042
topiramate,C052342
cocaine,D003042
cocaine,D003042
nitric oxide,D009569
topiramate,C052342
cocaine,D003042
cocaine,D003042
GSH,D005978
glutathione,D005978
cocaine,D003042
glutathione,D005978
cocaine,D003042
Topiramate,C052342
PG-9,C087567
3 alpha-tropyl 2-(p-bromophenyl)propionate,C087567
PG-9,C087567
PG-9,C087567
PG-9,C087567
atropine,D001285
pirenzepine,D010890
dicyclomine,D004025
acetylcholine,D000109
hemicholinium-3,D006426
naloxone,D009270
gamma-aminobutyric acidB,D005680
3-aminopropyl-diethoxy-methyl-phosphinic acid,C066430
R-(alpha)-methylhistamine,C069357
quinpirole,D019257
5-hydroxytryptamine4,D012701
2-methoxy-4-amino-5-chlorobenzoic acid 2-(diethylamino)ethyl ester,C072790
5-hydroxytryptamin1A,D012701
1-(2-methoxyphenyl)-4-[4-(2-phthalimido)butyl]piperazine,C058895
reserpine,D012110
PG-9,C087567
PG-9,C087567
scopolamine,D012601
dicyclomine,D004025
PG-9,C087567
PG-9,C087567
acetylcholine,D000109
PG-9,C087567
oxygen,D010100
cyclophosphamide,D003520
cyclophosphamide,D003520
prostaglandin F2 alpha,D015237
oxygen,D010100
cyclophosphamide,D003520
p-choloroaniline,C004658
chlorhexidine-digluconate,C010882
kanamycin,D007612
colistin,D003091
povidone-iodine,D011206
Picloxydine,C005253
bromperidol,C006820
haloperidol,D006220
haloperidol,D006220
bromperidol,C006820
Curcumin,D003474
phenobarbitone,D010634
carbamazepine,D002220
phenobarbitone,D010634
carbamazepine,D002220
Curcumin,D003474
curcumin,D003474
phenobarbitone,D010634
carbamazepine,D002220
curcumin,D003474
phenobarbitone,D010634
carbamazepine,D002220
phenobarbitone,D010634
carbamazepine,D002220
malondialdehyde,D008315
glutathione,D005978
phenobarbitone,D010634
carbamazepine,D002220
curcumin,D003474
Curcumin,D003474
phenobarbitone,D010634
carbamazepine,D002220
curcumin,D003474
phenobarbitone,D010634
carbamazepine,D002220
curcumin,D003474
phenobarbitone,D010634
carbamazepine,D002220
Pyrrolidine dithiocarbamate,C020972
pilocarpine,D010862
Pyrrolidine dithiocarbamate,C020972
PDTC,C020972
oxygen,D010100
PDTC,C020972
pilocarpine,D010862
PDTC,C020972
PDTC,C020972
PDTC,C020972
PDTC,C020972
PDTC,C020972
oxygen,D010100
PDTC,C020972
nicotine,D009538
nicotine,D009538
Nicotine,D009538
nicotine,D009538
nicotine,D009538
nicotine,D009538
nicotine,D009538
nicotine,D009538
nicotine,D009538
nicotine,D009538
nicotine,D009538
nicotine,D009538
nicotine,D009538
nicotine,D009538
nicotine,D009538
levodopa,D007980
Levodopa,D007980
MPTP,D015632
levodopa,D007980
MPTP,D015632
levodopa,D007980
levodopa,D007980
MPTP,D015632
levodopa,D007980
levodopa,D007980
levodopa,D007980
levodopa,D007980
Propylthiouracil,D011441
propylthiouracil,D011441
propylthiouracil,D011441
Propylthiouracil,D011441
prednisone,D011241
propylthio- uracil,D011441
propylthio- uracil,D011441
beta-carboline,C036150
GABA,D005680
methyl beta-carboline-3-carboxylate,C036150
beta-CCM,C036150
GABA,D005680
benzodiazepine,D001569
GABA,D005680
diazepam,D003975
diazepam,D003975
picrotoxin,D010852
pentylenetetrazol,D010433
beta-CCM,C036150
diazepam,D003975
picrotoxin,D010852
pentylenetetrazol,D010433
GABA,D005680
ketamine,D007649
morphine,D009020
morphine,D009020
N-methyl-D-aspartate,D016202
NMDA,D016202
ketamine,D007649
ketamine,D007649
morphine,D009020
Ketamine,D007649
diazepam,D003975
ketamine,D007649
ketamine,D007649
ketamine,D007649
Ketamine,D007649
morphine,D009020
ketamine,D007649
testosterone,D013739
Testosterone,D013739
testosterone,D013739
testosterone,D013739
testosterone heptylate,C004648
bromocriptine,D001971
Testosterone,D013739
testosterone,D013739
testosterone,D013739
testosterone,D013739
testosterone,D013739
testosterone,D013739
Bromocriptine,D001971
Testosterone,D013739
testosterone,D013739
testosterone,D013739
testosterone,D013739
Thiopentone,D013874
propofol,D015742
propofol,D015742
propofol,D015742
lidocaine,D008012
thiopentone,D013874
propofol,D015742
propofol,D015742
lidocaine,D008012
propofol,D015742
thiopentone,D013874
glycopyrrolate,D006024
atropine,D001285
suxamethonium,D013390
glycopyrrolate,D006024
atropine,D001285
suxamethonium,D013390
glycopyrrolate,D006024
atropine,D001285
glycopyrrolate,D006024
atropine,D001285
suxamethonium,D013390
caffeine,D002110
acetaminophen,D000082
sodium acetylsalicylate,-1
caffeine,D002110
acetaminophen,D000082
caffeine,D002110
caffeine,D002110
acetaminophen,D000082
caffeine,D002110
acetaminophen,D000082
caffeine,D002110
acetaminophen,D000082
caffeine,D002110
caffeine,D002110
acetaminophen,D000082
caffeine,D002110
acetaminophen,D000082
pentylenetetrezol,D010433
Acetaminophen,D000082
adenosine,D000241
ATP,D000255
acetaminophen,D000082
caffeine,D002110
Flestolol,C047847
Flestolol,C047847
ACC-9089,C047847
Flestolol,C047847
flestolol,C047847
Flestolol,C047847
flestolol,C047847
Flestolol,C047847
isoproterenol,D007545
flestolol,C047847
flestolol,C047847
Flestolol,C047847
flestolol,C047847
flestolol,C047847
flestolol,C047847
calcium,D002118
nitrendipine,D009568
calcium,D002118
nitrendipine,D009568
angiotensin,D000809
enalapril,D004656
enalapril,D004656
nitrendipine,D009568
Enalapril,D004656
nitrendipine,D009568
enalapril,D004656
nitrendipine,D009568
nitrendipine,D009568
nitrendipine,D009568
enalapril,D004656
lignocaine,D008012
lidocaine,D008012
lignocaine,D008012
lidocaine,D008012
Perhexiline maleate,C023470
perhexiline maleate,C023470
morphine,D009020
morphine,D009020
morphine,D009020
morphine,D009020
scopolamine,D012601
physostigmine,D010830
methscopolamine,D019832
neostigmine,D009388
morphine,D009020
alpha-methyltyrosine,D019805
tyrosine,D014443
morphine,D009020
p-chlorophenylalamine,D010134
serotonin,D012701
morphine,D009020
catecholamines,D002395
morphine,D009020
acetylcholine,D000109
morphine,D009020
morphine,D009020
FK 506,D016559
Tacrolimus,D016559
FK 506,D016559
FK 506,D016559
FK 506,D016559
FK 506,D016559
nitric oxide,D009569
FR 139317,C079574
FK 506,D016559
FK 506,D016559
FK 506,D016559
FR 139317,C079574
FK 506,D016559
FK 506,D016559
NO,D009569
Suxamethonium,D013390
Suxamethonium,D013390
organophosphorus (OP) poisons,D009943
OP compound,D009943
bupropion,D016642
selective serotonin reuptake inhibitor,D017367
bupropion,D016642
selective serotonin reuptake inhibitor,D017367
SSRI,D017367
SSRIs,D017367
SSRI,D017367
bupropion,D016642
bupropion,D016642
bupropion,D016642
bupropion,D016642
bupropion,D016642
SSRI,D017367
Bupropion,D016642
SSRIs,D017367
bupropion,D016642
Lamivudine,D019259
hepatitis-B surface antigen,D006514
HBSAG,D006514
lamivudine,D019259
lamivudine,D019259
lamivudine,D019259
lamivudin,D019259
lamivudine,D019259
lamivudine,D019259
lamivudine,D019259
alanine,D000409
lamivudine,D019259
lamivudine,D019259
nucleoside,D009705
nucleotide,D009711
Ginsenoside Rg1,C035054
morphine,D009020
Rg1,C035054
ginsenoside,D036145
Rg1,C035054
morphine,D009020
Rg1,C035054
morphine,D009020
morphine,D009020
Rg1,C035054
morphine,D009020
Morphine,D009020
Rg1,C035054
Rg1,C035054
morphine,D009020
Rg1,C035054
morphine,D009020
morphine,D009020
Rg1,C035054
N-methyl-D-aspartate,D016202
NMDA,D016202
MK801,D016291
Rg1,C035054
morphine,D009020
morphine,D009020
NMDA,D016202
heparin,D006493
heparin,D006493
heparin,D006493
heparin,D006493
Heparin,D006493
heparin,D006493
heparin,D006493
heparin,D006493
reserpine,D012110
haloperidol,D006220
glutamate,D018698
Reserpine,D012110
haloperidol,D006220
reserpine,D012110
haloperidol,D006220
Reserpine,D012110
Haloperidol,D006220
glutamate,D018698
glutamate,D018698
reserpine,D012110
haloperidol,D006220
glutamate,D018698
glutamate,D018698
phenytoin,D010672
phenytoin,D010672
phenytoin,D010672
gum Arabic,D006170
gentamicin,D005839
gum Arabic,D006170
gentamicin,D005839
GM,D005839
gum Arabic,D006170
gum Arabic,D006170
gum Arabic,D006170
GM,D005839
creatinine,D003404
urea,D014508
glutathione,D005978
GSH,D005978
gum Arabic,D006170
GM,D005839
creatinine,D003404
urea,D014508
GM,D005839
GSH,D005978
GM,D005839
GM,D005839
GM,D005839
gum Arabic,D006170
GM,D005839
gum Arabic,D006170
GM,D005839
zonisamide,C022189
Zonisamide,C022189
zonisamide,C022189
zonisamide,C022189
zonisamide,C022189
tyrosine,D014443
PAN,D011692
tyrosine,D014443
Puromycin aminonucleoside,D011692
puromycin aminonucleoside,D011692
PAN,D011692
PAN,D011692
PAN,D011692
Ticlopidine,D013988
ticlopidine,D013988
ticlopidine,D013988
ticlopidine,D013988
calcium,D002118
morphine,D009020
scopolamine,D012601
cycloheximide,D003513
morphine,D009020
morphine,D009020
naloxone,D009270
scopolamine,D012601
scopolamine,D012601
cycloheximide,D003513
cycloheximide,D003513
morphine,D009020
morphine,D009020
Apomorphine,D001058
dopamine agonist,D018491
dopamine,D004298
apomorphine,D001058
apomorphine,D001058
apomorphine,D001058
apomorphine,D001058
apomorphine,D001058
Dopamine,D004298
DOPAC,D015102
DA,D018491
HVA,D006719
DA,D018491
apomorphine,D001058
dopamine,D004298
